{"0":{"0":0.0344235244,"1":0.0251168629,"2":1.0337273369,"3":0.9957036721,"4":1.0313397747,"5":0.9817784242,"6":1.0074455418,"7":1.0456557693,"8":0.0092644474,"9":0.0145717306,"10":1.0421142746,"11":1.0263048018,"12":1.0226463401,"13":1.0078990075,"14":0.9918268804,"15":1.0711770594,"16":0.0869490598,"17":0.0090556629,"18":1.0464978738,"19":1.1034801609,"20":1.0794592641,"21":1.0019337286,"22":1.0027679605,"23":1.028759691}}