{"0":{"0":0.0,"1":0.0195575745,"2":1.0510650655,"3":0.9639153822,"4":1.0480005099,"5":0.0231744848,"6":0.0229835163,"7":1.0014317322,"8":1.0024678638,"9":1.0148194098,"10":0.0450348184,"11":0.0,"12":1.0536862918,"13":1.0210574119,"14":1.0059110685,"15":0.0144934097,"16":0.0711513331,"17":1.2473944998,"18":1.0158906591,"19":1.0104294481}}