{"0":{"0":0.0030925798,"1":0.0448546331,"2":1.031397042,"3":1.0197514952,"4":1.041737537,"5":0.0224431234,"6":0.1254173553,"7":1.0270021979,"8":1.016869094,"9":1.0669264164,"10":0.0982267515,"11":0.0146918727,"12":1.0086152909,"13":1.0369159103,"14":1.0359138851}}