{"0":{"0":0.9999999989,"1":1.0,"2":0.000000001,"3":0.000000001,"4":0.000000001,"5":1.0,"6":0.9999999974,"7":0.000000001,"8":0.000000001,"9":0.0000000011,"10":1.0,"11":0.9999999974,"12":0.000000001,"13":0.000000001,"14":0.000000001}}