{"0":{"0":0.00703708,"1":0.0,"2":0.0,"3":0.0,"4":0.0133739875,"5":0.0,"6":0.0,"7":0.0,"8":0.2177029036,"9":0.0338097582,"10":0.0,"11":0.0,"12":0.0,"13":0.0,"14":0.1885670467}}