{"0":{"0":0.0020311947,"1":0.0448546331,"2":1.0309862799,"3":1.018102503,"4":1.0268195446,"5":0.0228538855,"6":0.1122849303,"7":1.0445312675,"8":1.016869094,"9":1.0008105982,"10":0.0982267515,"11":0.0145944417,"12":1.0172444124,"13":1.0105033249,"14":1.0360113161,"15":0.0565242926,"16":0.0,"17":1.026741578,"18":1.0082136907,"19":1.0143880926,"20":0.0,"21":0.0646515893,"22":1.0174298052,"23":1.0196129852,"24":1.0001172124}}