{"0":{"0":0.0291412832,"1":0.0603692678,"2":1.0212416835,"3":1.0237071895,"4":1.0489337875,"5":0.0106691059,"6":0.012866004,"7":0.9686076861,"8":1.0038484499,"9":1.0169430234,"10":0.0,"11":0.0347762822,"12":0.9704190608,"13":1.0183043308,"14":1.0361605992,"15":0.0356040125,"16":0.0486257879,"17":1.0055435313,"18":1.0220369168,"19":1.0167866557,"20":0.0483993881,"21":0.0559704611,"22":0.9835624853,"23":1.0443295181,"24":1.0193385928}}