{"0":{"0":0.0499946543,"1":1.0422067244,"2":0.0396520487,"3":0.9978188506,"4":1.0665064569,"5":0.0301125063,"6":0.0795941682,"7":1.0088518555,"8":0.9728077625,"9":1.0040563311,"10":0.0038390944,"11":0.0153026884,"12":1.0171240474,"13":1.0476380342,"14":1.0013497818}}