{"0":{"0":0.0,"1":0.1683460692,"2":0.0,"3":0.0,"4":0.0,"5":0.0373659815,"6":0.0,"7":0.1419334398,"8":0.0,"9":0.0,"10":0.1490454072,"11":0.0,"12":0.0,"13":0.0,"14":0.0}}