{"0":{"0":0.0,"1":0.0587054892,"2":0.0,"3":0.0,"4":0.0,"5":0.1212245094,"6":0.0,"7":0.0,"8":0.0,"9":0.1019817405,"10":0.0,"11":0.0,"12":0.0,"13":0.0,"14":0.0,"15":0.0491448975,"16":0.737091861}}