{"0":{"0":1.0,"1":1.0,"2":0.000000001,"3":0.000000001,"4":1.0,"5":0.9999999985,"6":0.000000001,"7":0.000000001,"8":1.0,"9":0.9999999985,"10":0.000000001,"11":0.000000001,"12":0.9999999985,"13":1.0,"14":0.000000001,"15":0.000000001,"16":1.0,"17":0.9999999984,"18":0.000000001,"19":0.0000000011}}