{"0":{"0":0.0202590496,"1":0.0,"2":0.0,"3":0.0,"4":0.1998301598,"5":0.0,"6":0.0,"7":0.0,"8":0.0,"9":0.0,"10":0.0,"11":0.0235335148,"12":0.0,"13":0.0,"14":0.0,"15":0.2104698916,"16":0.0,"17":0.0,"18":0.0530846927,"19":0.0,"20":0.0,"21":0.0,"22":0.064202116,"23":0.0}}