{"0":{"0":0.0189646556,"1":0.0705458984,"2":1.0003428517,"3":1.0306936297,"4":1.0419473473,"5":1.0036826647,"6":1.0058795598,"7":0.9616212459,"8":0.0,"9":0.0239294707,"10":0.9850187235,"11":1.0417627183,"12":0.9826089882,"13":1.0392031627,"14":1.0239706718,"15":1.0286175713,"16":0.0416393446,"17":0.0125299788,"18":1.0370181923,"19":1.0237730959,"20":1.0553858242,"21":1.0489840198,"22":1.0280890884,"23":1.0481779691}}