{"0":{"0":0.9528013244,"1":1.1367092214,"2":0.0509139912,"3":1.0323904661,"4":0.0,"5":0.0019858293,"6":0.0145955199,"7":1.0880612133,"8":1.0335207566,"9":1.0256263,"10":0.0509611145,"11":0.0330467664,"12":1.0000913675,"13":0.9886320242,"14":1.0064882925}}