{"0":{"0":0.000000001,"1":0.0000000011,"2":1.0,"3":0.000000001,"4":0.9999999989,"5":1.0,"6":0.9999999974,"7":0.0000000011,"8":0.000000001,"9":0.000000001,"10":1.0,"11":0.9999999975,"12":0.000000001,"13":0.000000001,"14":0.000000001}}