{"0":{"0":0.999999999,"1":1.0,"2":0.000000001,"3":0.000000001,"4":0.000000001,"5":1.0,"6":0.9999999974,"7":0.0000000011,"8":0.000000001,"9":0.000000001,"10":1.0,"11":0.9999999974,"12":0.000000001,"13":0.0000000011,"14":0.000000001,"15":0.9999999974,"16":1.0,"17":0.000000001,"18":0.000000001,"19":0.000000001}}