{"0":{"0":1.0,"1":1.0,"2":0.0000000011,"3":0.000000001,"4":1.0,"5":0.9999999983,"6":0.000000001,"7":0.0000000011,"8":1.0,"9":0.9999999984,"10":0.000000001,"11":0.000000001,"12":0.9999999984,"13":0.000000001,"14":0.000000001,"15":1.0,"16":1.0,"17":0.9999999983,"18":0.000000001,"19":0.000000001}}