{"0":{"0":0.0259510919,"1":0.0635594582,"2":1.0509139902,"3":1.0237071895,"4":0.0204310398,"5":0.010669108,"6":1.012866,"7":1.0676301704,"8":0.0335207577,"9":0.0169430264,"10":0.9788822948,"11":1.0347762781,"12":0.0000913704,"13":0.9886320242,"14":1.0064882925,"15":0.0356040125,"16":0.0486257849,"17":0.0055435344,"18":1.043154621,"19":1.0452894044}}