{"0":{"0":0.029289121,"1":0.0069068456,"2":0.9965700072,"3":1.0106376095,"4":0.0299123826,"5":0.0,"6":1.0004148586,"7":1.0258237166,"8":0.0589150485,"9":0.0172713651,"10":1.0089817606,"11":1.0184335647,"12":0.0271264572,"13":0.0389209885,"14":1.0128471702,"15":1.0173411872,"16":0.0,"17":0.029799466,"18":1.0038600131,"19":1.0903835523}}