{"0":{"0":0.0,"1":0.0728478042,"2":0.0,"3":0.0174958648,"4":0.0,"5":0.0,"6":0.0572552841,"7":0.0,"8":0.0,"9":0.1691523225,"10":0.0,"11":0.0}}