{"0":{"0":0.0,"1":0.0,"2":0.1315647611,"3":0.0,"4":0.0,"5":0.0,"6":0.0,"7":0.0,"8":0.0,"9":0.0552218111,"10":0.0935826779,"11":0.0,"12":0.0,"13":0.0,"14":0.0,"15":0.0627453755,"16":0.0,"17":0.0,"18":0.0,"19":1.110223025e-16,"20":0.0,"21":0.0,"22":0.2255352531,"23":0.0,"24":0.0}}