{"0":{"0":0.0,"1":0.0422067255,"2":1.0249213879,"3":1.0000005243,"4":1.0665064569,"5":1.0301125053,"6":1.0963659175,"7":1.0088518555,"8":0.0180906344,"9":0.0018746643,"10":1.0185697501,"11":1.0153026874,"12":1.000352294,"13":1.0023551634,"14":1.0013497818,"15":1.0021553861,"16":0.0202237495,"17":0.023278213,"18":1.0525751408,"19":0.9949201947,"20":1.0193243285,"21":1.0285327886,"22":0.9966973016,"23":1.0251522093}}