{"0":{"0":0.0221733911,"1":1.0120671514,"2":0.0144745072,"3":1.0184842991,"4":0.9887658376,"5":0.000057474,"6":0.0,"7":1.0090352548,"8":0.058368095,"9":0.0261812655,"10":1.0000951787,"11":1.007902069,"12":0.0010702826,"13":0.0,"14":1.0583280406,"15":1.1946459511,"16":0.0467561715,"17":0.0,"18":1.0560716276,"19":1.0371605192}}