{"0":{"0":0.0,"1":1.000000001,"2":0.000000002,"3":1.000000001,"4":1.000000001,"5":0.000000004,"6":0.000000002,"7":1.000000001,"8":0.000000002,"9":0.000000004,"10":1.000000001,"11":1.000000001,"12":0.0000000043,"13":0.000000002,"14":1.000000001,"15":1.0000000008,"16":0.000000002,"17":0.0000000041,"18":1.000000001,"19":1.000000001},"1":{"0":1.000000001,"1":0.0,"2":0.999999999,"3":1.999999998,"4":1.999999998,"5":1.000000001,"6":0.999999999,"7":1.999999998,"8":0.999999999,"9":1.000000001,"10":1.999999998,"11":1.999999998,"12":1.0000000012,"13":0.999999999,"14":1.9999999979,"15":1.9999999978,"16":0.999999999,"17":1.0000000011,"18":1.9999999979,"19":1.999999998},"2":{"0":0.000000002,"1":0.999999999,"2":0.0,"3":0.999999999,"4":0.999999999,"5":0.000000002,"6":0.0,"7":0.999999999,"8":0.0,"9":0.000000002,"10":0.999999999,"11":0.999999999,"12":0.0000000023,"13":0.0,"14":0.9999999989,"15":0.9999999988,"16":0.0,"17":0.0000000021,"18":0.9999999989,"19":0.999999999},"3":{"0":1.000000001,"1":1.999999998,"2":0.999999999,"3":0.0,"4":1.999999998,"5":1.000000001,"6":0.999999999,"7":1.999999998,"8":0.999999999,"9":1.000000001,"10":1.999999998,"11":1.999999998,"12":1.0000000012,"13":0.999999999,"14":1.9999999979,"15":1.9999999978,"16":0.999999999,"17":1.0000000011,"18":1.9999999979,"19":1.9999999979},"4":{"0":1.000000001,"1":1.999999998,"2":0.999999999,"3":1.999999998,"4":0.0,"5":1.000000001,"6":0.999999999,"7":1.999999998,"8":0.999999999,"9":1.000000001,"10":1.999999998,"11":1.999999998,"12":1.0000000013,"13":0.999999999,"14":1.999999998,"15":1.9999999978,"16":0.999999999,"17":1.0000000011,"18":1.999999998,"19":1.999999998},"5":{"0":0.000000004,"1":1.000000001,"2":0.000000002,"3":1.000000001,"4":1.000000001,"5":0.0,"6":0.000000002,"7":1.000000001,"8":0.000000002,"9":0.000000004,"10":1.000000001,"11":1.000000001,"12":0.0000000043,"13":0.000000002,"14":1.0000000009,"15":1.0000000008,"16":0.000000002,"17":0.0000000041,"18":1.0000000009,"19":1.000000001},"6":{"0":0.000000002,"1":0.999999999,"2":0.0,"3":0.999999999,"4":0.999999999,"5":0.000000002,"6":0.0,"7":0.999999999,"8":0.0,"9":0.000000002,"10":0.999999999,"11":0.999999999,"12":0.0000000023,"13":0.0,"14":0.9999999989,"15":0.9999999988,"16":0.0,"17":0.0000000021,"18":0.9999999989,"19":0.999999999},"7":{"0":1.000000001,"1":1.999999998,"2":0.999999999,"3":1.999999998,"4":1.999999998,"5":1.000000001,"6":0.999999999,"7":0.0,"8":0.999999999,"9":1.000000001,"10":1.999999998,"11":1.999999998,"12":1.0000000012,"13":0.999999999,"14":1.9999999979,"15":1.9999999978,"16":0.999999999,"17":1.0000000011,"18":1.9999999979,"19":1.999999998},"8":{"0":0.000000002,"1":0.999999999,"2":0.0,"3":0.999999999,"4":0.999999999,"5":0.000000002,"6":0.0,"7":0.999999999,"8":0.0,"9":0.000000002,"10":0.999999999,"11":0.999999999,"12":0.0000000023,"13":0.0,"14":0.9999999989,"15":0.9999999988,"16":0.0,"17":0.0000000021,"18":0.9999999989,"19":0.999999999},"9":{"0":0.000000004,"1":1.000000001,"2":0.000000002,"3":1.000000001,"4":1.000000001,"5":0.000000004,"6":0.000000002,"7":1.000000001,"8":0.000000002,"9":0.0,"10":1.000000001,"11":1.000000001,"12":0.0000000043,"13":0.000000002,"14":1.0000000009,"15":1.0000000008,"16":0.000000002,"17":0.0000000041,"18":1.000000001,"19":1.000000001},"10":{"0":1.000000001,"1":1.999999998,"2":0.999999999,"3":1.999999998,"4":1.999999998,"5":1.000000001,"6":0.999999999,"7":1.999999998,"8":0.999999999,"9":1.000000001,"10":0.0,"11":1.999999998,"12":1.0000000013,"13":0.999999999,"14":1.9999999979,"15":1.9999999978,"16":0.999999999,"17":1.0000000011,"18":1.9999999979,"19":1.999999998},"11":{"0":1.000000001,"1":1.999999998,"2":0.999999999,"3":1.999999998,"4":1.999999998,"5":1.000000001,"6":0.999999999,"7":1.999999998,"8":0.999999999,"9":1.000000001,"10":1.999999998,"11":0.0,"12":1.0000000012,"13":0.999999999,"14":1.9999999979,"15":1.9999999978,"16":0.999999999,"17":1.0000000011,"18":1.9999999979,"19":1.999999998},"12":{"0":0.0000000043,"1":1.0000000012,"2":0.0000000023,"3":1.0000000012,"4":1.0000000013,"5":0.0000000043,"6":0.0000000023,"7":1.0000000012,"8":0.0000000023,"9":0.0000000043,"10":1.0000000013,"11":1.0000000012,"12":0.0,"13":0.0000000023,"14":1.0000000012,"15":1.0000000011,"16":0.0000000023,"17":0.0000000043,"18":1.0000000012,"19":1.0000000012},"13":{"0":0.000000002,"1":0.999999999,"2":0.0,"3":0.999999999,"4":0.999999999,"5":0.000000002,"6":0.0,"7":0.999999999,"8":0.0,"9":0.000000002,"10":0.999999999,"11":0.999999999,"12":0.0000000023,"13":0.0,"14":0.9999999989,"15":0.9999999988,"16":0.0,"17":0.0000000021,"18":0.9999999989,"19":0.999999999},"14":{"0":1.000000001,"1":1.9999999979,"2":0.9999999989,"3":1.9999999979,"4":1.999999998,"5":1.0000000009,"6":0.9999999989,"7":1.9999999979,"8":0.9999999989,"9":1.0000000009,"10":1.9999999979,"11":1.9999999979,"12":1.0000000012,"13":0.9999999989,"14":0.0,"15":1.9999999977,"16":0.9999999989,"17":1.000000001,"18":1.9999999979,"19":1.9999999979},"15":{"0":1.0000000008,"1":1.9999999978,"2":0.9999999988,"3":1.9999999978,"4":1.9999999978,"5":1.0000000008,"6":0.9999999988,"7":1.9999999978,"8":0.9999999988,"9":1.0000000008,"10":1.9999999978,"11":1.9999999978,"12":1.0000000011,"13":0.9999999988,"14":1.9999999977,"15":0.0,"16":0.9999999988,"17":1.0000000009,"18":1.9999999977,"19":1.9999999978},"16":{"0":0.000000002,"1":0.999999999,"2":0.0,"3":0.999999999,"4":0.999999999,"5":0.000000002,"6":0.0,"7":0.999999999,"8":0.0,"9":0.000000002,"10":0.999999999,"11":0.999999999,"12":0.0000000023,"13":0.0,"14":0.9999999989,"15":0.9999999988,"16":0.0,"17":0.0000000021,"18":0.9999999989,"19":0.999999999},"17":{"0":0.0000000041,"1":1.0000000011,"2":0.0000000021,"3":1.0000000011,"4":1.0000000011,"5":0.0000000041,"6":0.0000000021,"7":1.0000000011,"8":0.0000000021,"9":0.0000000041,"10":1.0000000011,"11":1.0000000011,"12":0.0000000043,"13":0.0000000021,"14":1.000000001,"15":1.0000000009,"16":0.0000000021,"17":0.0,"18":1.000000001,"19":1.0000000011},"18":{"0":1.000000001,"1":1.9999999979,"2":0.9999999989,"3":1.9999999979,"4":1.999999998,"5":1.0000000009,"6":0.9999999989,"7":1.9999999979,"8":0.9999999989,"9":1.000000001,"10":1.9999999979,"11":1.9999999979,"12":1.0000000012,"13":0.9999999989,"14":1.9999999979,"15":1.9999999977,"16":0.9999999989,"17":1.000000001,"18":0.0,"19":1.9999999979},"19":{"0":1.000000001,"1":1.999999998,"2":0.999999999,"3":1.9999999979,"4":1.999999998,"5":1.000000001,"6":0.999999999,"7":1.999999998,"8":0.999999999,"9":1.000000001,"10":1.999999998,"11":1.999999998,"12":1.0000000012,"13":0.999999999,"14":1.9999999979,"15":1.9999999978,"16":0.999999999,"17":1.0000000011,"18":1.9999999979,"19":0.0}}