{"0":{"0":0.9999999989,"1":1.0,"2":0.000000001,"3":0.000000001,"4":0.000000001,"5":1.0,"6":0.9999999975,"7":0.000000001,"8":0.000000001,"9":0.000000001,"10":1.0,"11":0.9999999974,"12":0.000000001,"13":0.000000001,"14":0.000000001,"15":0.9999999973,"16":1.0,"17":0.0000000012,"18":0.000000001,"19":0.000000001,"20":1.0,"21":0.9999999974,"22":0.000000001,"23":0.000000001,"24":0.000000001}}