{"0":{"0":0.0027128963,"1":0.0,"2":0.0,"3":0.0372138353,"4":0.0,"5":0.0,"6":0.0048741992,"7":0.9210382402,"8":0.0,"9":0.0614788086,"10":0.0,"11":0.1035409126,"12":0.1319119996,"13":0.0,"14":0.9277305469}}