{"0":{"0":0.0,"1":0.0,"2":0.0,"3":0.0,"4":0.0,"5":0.0,"6":0.0,"7":0.0,"8":0.0,"9":0.0,"10":0.0,"11":0.0,"12":0.0,"13":0.0,"14":0.0},"1":{"0":1.0,"1":0.0,"2":0.0,"3":0.0,"4":0.0,"5":0.0,"6":0.0,"7":0.0,"8":0.0,"9":0.0,"10":0.0,"11":0.0,"12":0.0,"13":0.0,"14":0.0},"2":{"0":1.0,"1":2.0,"2":0.0,"3":0.0,"4":0.0,"5":0.0,"6":0.0,"7":0.0,"8":0.0,"9":0.0,"10":0.0,"11":0.0,"12":0.0,"13":0.0,"14":0.0},"3":{"0":0.0,"1":1.0,"2":1.0,"3":0.0,"4":0.0,"5":0.0,"6":0.0,"7":0.0,"8":0.0,"9":0.0,"10":0.0,"11":0.0,"12":0.0,"13":0.0,"14":0.0},"4":{"0":1.0,"1":2.0,"2":2.0,"3":1.0,"4":0.0,"5":0.0,"6":0.0,"7":0.0,"8":0.0,"9":0.0,"10":0.0,"11":0.0,"12":0.0,"13":0.0,"14":0.0},"5":{"0":1.0,"1":2.0,"2":2.0,"3":1.0,"4":2.0,"5":0.0,"6":0.0,"7":0.0,"8":0.0,"9":0.0,"10":0.0,"11":0.0,"12":0.0,"13":0.0,"14":0.0},"6":{"0":0.0,"1":1.0,"2":1.0,"3":0.0,"4":1.0,"5":1.0,"6":0.0,"7":0.0,"8":0.0,"9":0.0,"10":0.0,"11":0.0,"12":0.0,"13":0.0,"14":0.0},"7":{"0":0.9999907896,"1":1.9999907896,"2":1.9999907896,"3":0.9999907896,"4":1.9999907896,"5":1.9999907896,"6":0.9999907896,"7":0.0,"8":0.0,"9":0.0,"10":0.0,"11":0.0,"12":0.0,"13":0.0,"14":0.0},"8":{"0":1.0,"1":2.0,"2":2.0,"3":1.0,"4":2.0,"5":2.0,"6":1.0,"7":1.9999907896,"8":0.0,"9":0.0,"10":0.0,"11":0.0,"12":0.0,"13":0.0,"14":0.0},"9":{"0":0.0000092104,"1":1.0000092104,"2":1.0000092104,"3":0.0000092104,"4":1.0000092104,"5":1.0000092104,"6":0.0000092104,"7":1.0,"8":1.0000092104,"9":0.0,"10":0.0,"11":0.0,"12":0.0,"13":0.0,"14":0.0},"10":{"0":1.0,"1":2.0,"2":2.0,"3":1.0,"4":2.0,"5":2.0,"6":1.0,"7":1.9999907896,"8":2.0,"9":1.0000092104,"10":0.0,"11":0.0,"12":0.0,"13":0.0,"14":0.0},"11":{"0":0.0,"1":1.0,"2":1.0,"3":0.0,"4":1.0,"5":1.0,"6":0.0,"7":0.9999907896,"8":1.0,"9":0.0000092104,"10":1.0,"11":0.0,"12":0.0,"13":0.0,"14":0.0},"12":{"0":0.0000092773,"1":1.0000092773,"2":1.0000092773,"3":0.0000092773,"4":1.0000092773,"5":1.0000092773,"6":0.0000092773,"7":1.0000000669,"8":1.0000092773,"9":0.0000184877,"10":1.0000092773,"11":0.0000092773,"12":0.0,"13":0.0,"14":0.0},"13":{"0":1.0,"1":2.0,"2":2.0,"3":1.0,"4":2.0,"5":2.0,"6":1.0,"7":1.9999907896,"8":2.0,"9":1.0000092104,"10":2.0,"11":1.0,"12":1.0000092773,"13":0.0,"14":0.0},"14":{"0":0.9999907227,"1":1.9999907227,"2":1.9999907227,"3":0.9999907227,"4":1.9999907227,"5":1.9999907227,"6":0.9999907227,"7":1.9999815123,"8":1.9999907227,"9":0.9999999331,"10":1.9999907227,"11":0.9999907227,"12":1.0,"13":1.9999907227,"14":0.0}}