{"0":{"0":0.1354802858,"1":0.0,"2":0.0,"3":0.0,"4":0.0,"5":0.0,"6":0.150436393,"7":0.0,"8":0.0,"9":0.0,"10":0.0,"11":0.0145744348,"12":0.0,"13":0.0323089478,"14":0.0,"15":0.0,"16":0.0,"17":0.0,"18":0.0,"19":0.0407457035,"20":0.0817226753,"21":0.0,"22":0.0,"23":0.0}}