{"0":{"0":-499999.65445753,"1":0.0,"2":-499999.5910215054,"3":0.0,"4":0.0,"5":-499999.7884219936,"6":-499999.8087094217,"7":0.0,"8":-499999.9459418962,"9":0.0}}