{"0":{"0":0.0,"1":0.0,"2":1000000.0,"3":0.0,"4":0.0,"5":1000000.0,"6":1000000.0,"7":0.0,"8":1000000.0,"9":0.0},"1":{"0":0.0,"1":0.0,"2":0.0,"3":0.0,"4":0.0,"5":0.0,"6":0.0,"7":0.0,"8":0.0,"9":0.0},"2":{"0":1000000.0,"1":0.0,"2":0.0,"3":0.0,"4":0.0,"5":1000000.0,"6":1000000.0,"7":0.0,"8":1000000.0,"9":0.0},"3":{"0":0.0,"1":0.0,"2":0.0,"3":0.0,"4":0.0,"5":0.0,"6":0.0,"7":0.0,"8":0.0,"9":0.0},"4":{"0":0.0,"1":0.0,"2":0.0,"3":0.0,"4":0.0,"5":0.0,"6":0.0,"7":0.0,"8":0.0,"9":0.0},"5":{"0":1000000.0,"1":0.0,"2":1000000.0,"3":0.0,"4":0.0,"5":0.0,"6":1000000.0,"7":0.0,"8":1000000.0,"9":0.0},"6":{"0":1000000.0,"1":0.0,"2":1000000.0,"3":0.0,"4":0.0,"5":1000000.0,"6":0.0,"7":0.0,"8":1000000.0000000001,"9":0.0},"7":{"0":0.0,"1":0.0,"2":0.0,"3":0.0,"4":0.0,"5":0.0,"6":0.0,"7":0.0,"8":0.0,"9":0.0},"8":{"0":1000000.0,"1":0.0,"2":1000000.0,"3":0.0,"4":0.0,"5":1000000.0,"6":1000000.0000000001,"7":0.0,"8":0.0,"9":0.0},"9":{"0":0.0,"1":0.0,"2":0.0,"3":0.0,"4":0.0,"5":0.0,"6":0.0,"7":0.0,"8":0.0,"9":0.0}}