{"0":{"0":0.0282372626,"1":0.0069068436,"2":1.0000788632,"3":1.011689471,"4":1.0281174706,"5":0.0173411893,"6":0.0,"7":1.0258237166,"8":1.0554061914,"9":1.0154764511,"10":0.0079299001,"11":0.0272061675,"12":1.0271264542,"13":0.9861261847,"14":1.0040745713,"15":0.0,"16":0.0087725988,"17":1.0216986166,"18":1.0042748758,"19":1.0921784633,"20":0.0066806207,"21":0.0,"22":1.0091952044,"23":1.1062930901,"24":1.0230454867}}