{"0":{"0":0.0,"1":0.2174616726,"2":0.0,"3":0.0,"4":0.0,"5":0.0,"6":0.0,"7":0.0928178364,"8":0.0,"9":0.0,"10":0.1742099267,"11":0.0,"12":0.0,"13":0.0,"14":0.0,"15":0.0,"16":0.0,"17":0.0372169154,"18":0.0,"19":0.0}}