{"0":{"0":0.1188847505,"1":0.0,"2":0.0,"3":0.0,"4":0.0,"5":0.0,"6":0.0886753514,"7":0.0,"8":0.0,"9":0.0246441711,"10":0.0,"11":0.0,"12":0.0,"13":0.0,"14":0.0,"15":0.0150508362,"16":0.0,"17":0.0,"18":0.1650189489,"19":0.0,"20":0.1594613024,"21":0.0,"22":0.0,"23":0.0}}