{"0":{"0":0.0,"1":0.0,"2":1.5352849218,"3":0.0,"4":1.4955009982,"5":0.0}}