{"0":{"0":0.0,"1":0.0,"2":1.1235147715,"3":0.0,"4":1.3095314503,"5":0.0}}