{"0":{"0":0.0,"1":1.0,"2":1.5352849218,"3":1.0,"4":1.4955009982,"5":1.0},"1":{"0":0.0,"1":0.0,"2":0.0,"3":0.0,"4":0.0,"5":0.0},"2":{"0":0.0,"1":0.0,"2":0.0,"3":0.0,"4":0.0,"5":0.0},"3":{"0":0.0,"1":0.0,"2":0.0,"3":0.0,"4":0.0,"5":0.0},"4":{"0":0.0,"1":0.0,"2":0.0,"3":0.0,"4":0.0,"5":0.0},"5":{"0":0.0,"1":0.0,"2":0.0,"3":0.0,"4":0.0,"5":0.0}}