{"0":{"0":-499999999.5002818108,"1":0.0,"2":0.0,"3":500000000.3409454823,"4":0.0,"5":500000000.3910498619}}