{"0":{"0":0.0,"1":1.0062356678,"2":0.098267035,"3":1.000021352,"4":0.0047271832,"5":0.0228874978,"6":1.0115776923,"7":1.0622027793,"8":0.0498463542,"9":0.0176103683,"10":1.126880403,"11":1.0014377929,"12":0.0059845138,"13":0.0,"14":1.0358566932,"15":1.0121672092,"16":0.0,"17":0.0302255624,"18":1.0268913942,"19":1.043646815}}