{"0":{"0":0.0,"1":1.000000001,"2":0.000000002,"3":1.000000001,"4":0.000000002,"5":0.0000000041,"6":1.000000001,"7":1.0000000009,"8":0.000000002,"9":0.0000000041,"10":1.0000000009,"11":1.000000001,"12":0.000000002,"13":0.0000000041,"14":1.000000001,"15":1.000000001,"16":0.000000002,"17":0.0000000041,"18":1.000000001,"19":1.000000001},"1":{"0":1.000000001,"1":0.0,"2":0.999999999,"3":1.999999998,"4":0.999999999,"5":1.0000000011,"6":1.999999998,"7":1.9999999979,"8":0.999999999,"9":1.0000000011,"10":1.9999999979,"11":1.999999998,"12":0.999999999,"13":1.000000001,"14":1.999999998,"15":1.999999998,"16":0.999999999,"17":1.0000000011,"18":1.999999998,"19":1.999999998},"2":{"0":0.000000002,"1":0.999999999,"2":0.0,"3":0.999999999,"4":0.0,"5":0.0000000021,"6":0.999999999,"7":0.9999999989,"8":0.0,"9":0.0000000021,"10":0.9999999989,"11":0.999999999,"12":0.0,"13":0.000000002,"14":0.999999999,"15":0.999999999,"16":0.0,"17":0.0000000021,"18":0.999999999,"19":0.999999999},"3":{"0":1.000000001,"1":1.999999998,"2":0.999999999,"3":0.0,"4":0.999999999,"5":1.0000000011,"6":1.999999998,"7":1.9999999979,"8":0.999999999,"9":1.0000000011,"10":1.9999999979,"11":1.999999998,"12":0.999999999,"13":1.000000001,"14":1.999999998,"15":1.999999998,"16":0.999999999,"17":1.0000000011,"18":1.999999998,"19":1.999999998},"4":{"0":0.000000002,"1":0.999999999,"2":0.0,"3":0.999999999,"4":0.0,"5":0.0000000021,"6":0.999999999,"7":0.9999999989,"8":0.0,"9":0.0000000021,"10":0.9999999989,"11":0.999999999,"12":0.0,"13":0.000000002,"14":0.999999999,"15":0.999999999,"16":0.0,"17":0.0000000021,"18":0.999999999,"19":0.999999999},"5":{"0":0.0000000041,"1":1.0000000011,"2":0.0000000021,"3":1.0000000011,"4":0.0000000021,"5":0.0,"6":1.0000000011,"7":1.000000001,"8":0.0000000021,"9":0.0000000042,"10":1.0000000009,"11":1.0000000011,"12":0.0000000021,"13":0.0000000041,"14":1.000000001,"15":1.0000000011,"16":0.0000000021,"17":0.0000000041,"18":1.000000001,"19":1.000000001},"6":{"0":1.000000001,"1":1.999999998,"2":0.999999999,"3":1.999999998,"4":0.999999999,"5":1.0000000011,"6":0.0,"7":1.9999999979,"8":0.999999999,"9":1.0000000011,"10":1.9999999979,"11":1.999999998,"12":0.999999999,"13":1.000000001,"14":1.999999998,"15":1.999999998,"16":0.999999999,"17":1.0000000011,"18":1.999999998,"19":1.9999999979},"7":{"0":1.0000000009,"1":1.9999999979,"2":0.9999999989,"3":1.9999999979,"4":0.9999999989,"5":1.000000001,"6":1.9999999979,"7":0.0,"8":0.9999999989,"9":1.0000000011,"10":1.9999999978,"11":1.9999999979,"12":0.9999999989,"13":1.000000001,"14":1.9999999979,"15":1.9999999979,"16":0.9999999989,"17":1.000000001,"18":1.9999999979,"19":1.9999999979},"8":{"0":0.000000002,"1":0.999999999,"2":0.0,"3":0.999999999,"4":0.0,"5":0.0000000021,"6":0.999999999,"7":0.9999999989,"8":0.0,"9":0.0000000021,"10":0.9999999989,"11":0.999999999,"12":0.0,"13":0.000000002,"14":0.999999999,"15":0.999999999,"16":0.0,"17":0.0000000021,"18":0.999999999,"19":0.999999999},"9":{"0":0.0000000041,"1":1.0000000011,"2":0.0000000021,"3":1.0000000011,"4":0.0000000021,"5":0.0000000042,"6":1.0000000011,"7":1.0000000011,"8":0.0000000021,"9":0.0,"10":1.000000001,"11":1.0000000011,"12":0.0000000021,"13":0.0000000042,"14":1.0000000011,"15":1.0000000011,"16":0.0000000021,"17":0.0000000042,"18":1.0000000011,"19":1.0000000011},"10":{"0":1.0000000009,"1":1.9999999979,"2":0.9999999989,"3":1.9999999979,"4":0.9999999989,"5":1.0000000009,"6":1.9999999979,"7":1.9999999978,"8":0.9999999989,"9":1.000000001,"10":0.0,"11":1.9999999979,"12":0.9999999989,"13":1.0000000009,"14":1.9999999978,"15":1.9999999979,"16":0.9999999989,"17":1.0000000009,"18":1.9999999978,"19":1.9999999978},"11":{"0":1.000000001,"1":1.999999998,"2":0.999999999,"3":1.999999998,"4":0.999999999,"5":1.0000000011,"6":1.999999998,"7":1.9999999979,"8":0.999999999,"9":1.0000000011,"10":1.9999999979,"11":0.0,"12":0.999999999,"13":1.000000001,"14":1.999999998,"15":1.999999998,"16":0.999999999,"17":1.0000000011,"18":1.999999998,"19":1.999999998},"12":{"0":0.000000002,"1":0.999999999,"2":0.0,"3":0.999999999,"4":0.0,"5":0.0000000021,"6":0.999999999,"7":0.9999999989,"8":0.0,"9":0.0000000021,"10":0.9999999989,"11":0.999999999,"12":0.0,"13":0.000000002,"14":0.999999999,"15":0.999999999,"16":0.0,"17":0.0000000021,"18":0.999999999,"19":0.999999999},"13":{"0":0.0000000041,"1":1.000000001,"2":0.000000002,"3":1.000000001,"4":0.000000002,"5":0.0000000041,"6":1.000000001,"7":1.000000001,"8":0.000000002,"9":0.0000000042,"10":1.0000000009,"11":1.000000001,"12":0.000000002,"13":0.0,"14":1.000000001,"15":1.000000001,"16":0.000000002,"17":0.0000000041,"18":1.000000001,"19":1.000000001},"14":{"0":1.000000001,"1":1.999999998,"2":0.999999999,"3":1.999999998,"4":0.999999999,"5":1.000000001,"6":1.999999998,"7":1.9999999979,"8":0.999999999,"9":1.0000000011,"10":1.9999999978,"11":1.999999998,"12":0.999999999,"13":1.000000001,"14":0.0,"15":1.999999998,"16":0.999999999,"17":1.000000001,"18":1.9999999979,"19":1.9999999979},"15":{"0":1.000000001,"1":1.999999998,"2":0.999999999,"3":1.999999998,"4":0.999999999,"5":1.0000000011,"6":1.999999998,"7":1.9999999979,"8":0.999999999,"9":1.0000000011,"10":1.9999999979,"11":1.999999998,"12":0.999999999,"13":1.000000001,"14":1.999999998,"15":0.0,"16":0.999999999,"17":1.0000000011,"18":1.999999998,"19":1.9999999979},"16":{"0":0.000000002,"1":0.999999999,"2":0.0,"3":0.999999999,"4":0.0,"5":0.0000000021,"6":0.999999999,"7":0.9999999989,"8":0.0,"9":0.0000000021,"10":0.9999999989,"11":0.999999999,"12":0.0,"13":0.000000002,"14":0.999999999,"15":0.999999999,"16":0.0,"17":0.0000000021,"18":0.999999999,"19":0.999999999},"17":{"0":0.0000000041,"1":1.0000000011,"2":0.0000000021,"3":1.0000000011,"4":0.0000000021,"5":0.0000000041,"6":1.0000000011,"7":1.000000001,"8":0.0000000021,"9":0.0000000042,"10":1.0000000009,"11":1.0000000011,"12":0.0000000021,"13":0.0000000041,"14":1.000000001,"15":1.0000000011,"16":0.0000000021,"17":0.0,"18":1.000000001,"19":1.000000001},"18":{"0":1.000000001,"1":1.999999998,"2":0.999999999,"3":1.999999998,"4":0.999999999,"5":1.000000001,"6":1.999999998,"7":1.9999999979,"8":0.999999999,"9":1.0000000011,"10":1.9999999978,"11":1.999999998,"12":0.999999999,"13":1.000000001,"14":1.9999999979,"15":1.999999998,"16":0.999999999,"17":1.000000001,"18":0.0,"19":1.9999999979},"19":{"0":1.000000001,"1":1.999999998,"2":0.999999999,"3":1.999999998,"4":0.999999999,"5":1.000000001,"6":1.9999999979,"7":1.9999999979,"8":0.999999999,"9":1.0000000011,"10":1.9999999978,"11":1.999999998,"12":0.999999999,"13":1.000000001,"14":1.9999999979,"15":1.9999999979,"16":0.999999999,"17":1.000000001,"18":1.9999999979,"19":0.0}}