{"0":{"0":0.0758273144,"1":0.0163740622,"2":0.0,"3":0.0,"4":0.066506458,"5":0.0301125063,"6":0.1930190401,"7":0.0,"8":0.0124500976,"9":0.0516943673,"10":0.0,"11":0.0153026884,"12":0.0000002384,"13":0.0,"14":0.0271824461}}