{"0":{"0":0.0,"1":1.043500064,"2":0.015344139,"3":1.078994726,"4":1.0229417667,"5":0.0001616273,"6":0.0139159015,"7":1.0146588941,"8":1.1359600353,"9":1.0081013679,"10":0.0731111509,"11":0.0,"12":1.048951146,"13":0.9895158054,"14":1.0228237556}}