{"0":{"0":1.0,"1":0.000000001,"2":0.9999999989,"3":0.0000000011,"4":0.000000001,"5":1.0,"6":0.9999999973,"7":0.000000001,"8":0.0000000011,"9":0.000000001,"10":1.0,"11":0.9999999974,"12":0.000000001,"13":0.000000001,"14":0.000000001}}