{"0":{"0":0.0,"1":0.999999999,"2":0.0000000031,"3":0.9999999989,"4":0.999999999,"5":0.0,"6":0.0000000032,"7":0.999999999,"8":0.9999999989,"9":0.999999999,"10":0.0,"11":0.0000000031,"12":0.999999999,"13":0.999999999,"14":0.999999999},"1":{"0":0.999999999,"1":0.0,"2":1.0000000021,"3":1.9999999979,"4":1.9999999979,"5":0.999999999,"6":1.0000000021,"7":1.9999999979,"8":1.9999999978,"9":1.9999999979,"10":0.999999999,"11":1.000000002,"12":1.9999999979,"13":1.999999998,"14":1.9999999979},"2":{"0":0.0000000031,"1":1.0000000021,"2":0.0,"3":1.0000000021,"4":1.0000000021,"5":0.0000000031,"6":0.0000000063,"7":1.0000000021,"8":1.000000002,"9":1.0000000021,"10":0.0000000031,"11":0.0000000062,"12":1.0000000021,"13":1.0000000022,"14":1.0000000021},"3":{"0":0.9999999989,"1":1.9999999979,"2":1.0000000021,"3":0.0,"4":1.9999999979,"5":0.9999999989,"6":1.0000000021,"7":1.9999999979,"8":1.9999999978,"9":1.9999999979,"10":0.9999999989,"11":1.000000002,"12":1.9999999979,"13":1.9999999979,"14":1.9999999979},"4":{"0":0.999999999,"1":1.9999999979,"2":1.0000000021,"3":1.9999999979,"4":0.0,"5":0.999999999,"6":1.0000000021,"7":1.999999998,"8":1.9999999978,"9":1.999999998,"10":0.999999999,"11":1.000000002,"12":1.9999999979,"13":1.999999998,"14":1.999999998},"5":{"0":0.0,"1":0.999999999,"2":0.0000000031,"3":0.9999999989,"4":0.999999999,"5":0.0,"6":0.0000000032,"7":0.999999999,"8":0.9999999989,"9":0.999999999,"10":0.0,"11":0.0000000031,"12":0.999999999,"13":0.999999999,"14":0.999999999},"6":{"0":0.0000000032,"1":1.0000000021,"2":0.0000000063,"3":1.0000000021,"4":1.0000000021,"5":0.0000000032,"6":0.0,"7":1.0000000021,"8":1.000000002,"9":1.0000000022,"10":0.0000000032,"11":0.0000000062,"12":1.0000000021,"13":1.0000000022,"14":1.0000000021},"7":{"0":0.999999999,"1":1.9999999979,"2":1.0000000021,"3":1.9999999979,"4":1.999999998,"5":0.999999999,"6":1.0000000021,"7":0.0,"8":1.9999999978,"9":1.999999998,"10":0.999999999,"11":1.000000002,"12":1.9999999979,"13":1.999999998,"14":1.999999998},"8":{"0":0.9999999989,"1":1.9999999978,"2":1.000000002,"3":1.9999999978,"4":1.9999999978,"5":0.9999999989,"6":1.000000002,"7":1.9999999978,"8":0.0,"9":1.9999999979,"10":0.9999999989,"11":1.0000000019,"12":1.9999999978,"13":1.9999999979,"14":1.9999999978},"9":{"0":0.999999999,"1":1.9999999979,"2":1.0000000021,"3":1.9999999979,"4":1.999999998,"5":0.999999999,"6":1.0000000022,"7":1.999999998,"8":1.9999999979,"9":0.0,"10":0.999999999,"11":1.0000000021,"12":1.9999999979,"13":1.999999998,"14":1.999999998},"10":{"0":0.0,"1":0.999999999,"2":0.0000000031,"3":0.9999999989,"4":0.999999999,"5":0.0,"6":0.0000000032,"7":0.999999999,"8":0.9999999989,"9":0.999999999,"10":0.0,"11":0.0000000031,"12":0.999999999,"13":0.999999999,"14":0.999999999},"11":{"0":0.0000000031,"1":1.000000002,"2":0.0000000062,"3":1.000000002,"4":1.000000002,"5":0.0000000031,"6":0.0000000062,"7":1.000000002,"8":1.0000000019,"9":1.0000000021,"10":0.0000000031,"11":0.0,"12":1.000000002,"13":1.0000000021,"14":1.000000002},"12":{"0":0.999999999,"1":1.9999999979,"2":1.0000000021,"3":1.9999999979,"4":1.9999999979,"5":0.999999999,"6":1.0000000021,"7":1.9999999979,"8":1.9999999978,"9":1.9999999979,"10":0.999999999,"11":1.000000002,"12":0.0,"13":1.999999998,"14":1.9999999979},"13":{"0":0.999999999,"1":1.999999998,"2":1.0000000022,"3":1.9999999979,"4":1.999999998,"5":0.999999999,"6":1.0000000022,"7":1.999999998,"8":1.9999999979,"9":1.999999998,"10":0.999999999,"11":1.0000000021,"12":1.999999998,"13":0.0,"14":1.999999998},"14":{"0":0.999999999,"1":1.9999999979,"2":1.0000000021,"3":1.9999999979,"4":1.999999998,"5":0.999999999,"6":1.0000000021,"7":1.999999998,"8":1.9999999978,"9":1.999999998,"10":0.999999999,"11":1.000000002,"12":1.9999999979,"13":1.999999998,"14":0.0}}