{"0":{"0":0.0347892244,"1":0.9870437017,"2":0.0,"3":0.0058783352,"4":0.0,"5":0.0,"6":0.0,"7":0.0,"8":0.0205530224,"9":0.0700970504,"10":0.0,"11":0.0457171425,"12":0.0,"13":0.192542534,"14":0.0}}