{"0":{"0":0.9999901316,"1":0.0000098704,"2":0.0,"3":1.0,"4":0.0,"5":0.0,"6":0.0,"7":0.0,"8":1.0,"9":1.0,"10":0.0,"11":1.0,"12":0.0,"13":1.0,"14":0.0}}