{"0":{"0":0.0,"1":1.999999998,"2":0.999999999,"3":1.999999998,"4":1.000000002,"5":0.999999999,"6":1.0000000021,"7":1.999999998,"8":1.9999999979,"9":1.999999998,"10":0.999999999,"11":1.0000000021,"12":1.999999998,"13":1.9999999979,"14":1.999999998,"15":0.999999999,"16":1.0000000022,"17":1.999999998,"18":1.9999999979,"19":1.999999998,"20":1.0000000021,"21":0.999999999,"22":1.999999998,"23":1.999999998,"24":1.999999998},"1":{"0":1.999999998,"1":0.0,"2":0.999999999,"3":1.999999998,"4":1.000000002,"5":0.999999999,"6":1.0000000021,"7":1.9999999979,"8":1.9999999979,"9":1.999999998,"10":0.999999999,"11":1.0000000021,"12":1.999999998,"13":1.9999999979,"14":1.999999998,"15":0.999999999,"16":1.0000000022,"17":1.999999998,"18":1.9999999979,"19":1.999999998,"20":1.000000002,"21":0.999999999,"22":1.999999998,"23":1.999999998,"24":1.999999998},"2":{"0":0.999999999,"1":0.999999999,"2":0.0,"3":0.999999999,"4":0.000000003,"5":0.0,"6":0.0000000031,"7":0.9999999989,"8":0.9999999989,"9":0.999999999,"10":0.0,"11":0.0000000031,"12":0.999999999,"13":0.9999999989,"14":0.999999999,"15":0.0,"16":0.0000000032,"17":0.999999999,"18":0.9999999989,"19":0.999999999,"20":0.000000003,"21":0.0,"22":0.999999999,"23":0.999999999,"24":0.999999999},"3":{"0":1.999999998,"1":1.999999998,"2":0.999999999,"3":0.0,"4":1.000000002,"5":0.999999999,"6":1.0000000021,"7":1.9999999979,"8":1.9999999979,"9":1.999999998,"10":0.999999999,"11":1.0000000021,"12":1.999999998,"13":1.9999999979,"14":1.999999998,"15":0.999999999,"16":1.0000000022,"17":1.999999998,"18":1.9999999979,"19":1.999999998,"20":1.000000002,"21":0.999999999,"22":1.999999998,"23":1.999999998,"24":1.999999998},"4":{"0":1.000000002,"1":1.000000002,"2":0.000000003,"3":1.000000002,"4":0.0,"5":0.000000003,"6":0.0000000061,"7":1.000000002,"8":1.0000000019,"9":1.000000002,"10":0.000000003,"11":0.0000000061,"12":1.000000002,"13":1.000000002,"14":1.000000002,"15":0.000000003,"16":0.0000000062,"17":1.000000002,"18":1.0000000019,"19":1.000000002,"20":0.0000000061,"21":0.000000003,"22":1.000000002,"23":1.000000002,"24":1.000000002},"5":{"0":0.999999999,"1":0.999999999,"2":0.0,"3":0.999999999,"4":0.000000003,"5":0.0,"6":0.0000000031,"7":0.9999999989,"8":0.9999999989,"9":0.999999999,"10":0.0,"11":0.0000000031,"12":0.999999999,"13":0.9999999989,"14":0.999999999,"15":0.0,"16":0.0000000032,"17":0.999999999,"18":0.9999999989,"19":0.999999999,"20":0.000000003,"21":0.0,"22":0.999999999,"23":0.999999999,"24":0.999999999},"6":{"0":1.0000000021,"1":1.0000000021,"2":0.0000000031,"3":1.0000000021,"4":0.0000000061,"5":0.0000000031,"6":0.0,"7":1.0000000021,"8":1.0000000021,"9":1.0000000021,"10":0.0000000031,"11":0.0000000062,"12":1.0000000021,"13":1.0000000021,"14":1.0000000021,"15":0.0000000031,"16":0.0000000063,"17":1.0000000021,"18":1.000000002,"19":1.0000000021,"20":0.0000000062,"21":0.0000000031,"22":1.0000000021,"23":1.0000000021,"24":1.0000000021},"7":{"0":1.999999998,"1":1.9999999979,"2":0.9999999989,"3":1.9999999979,"4":1.000000002,"5":0.9999999989,"6":1.0000000021,"7":0.0,"8":1.9999999979,"9":1.9999999979,"10":0.9999999989,"11":1.000000002,"12":1.9999999979,"13":1.9999999979,"14":1.9999999979,"15":0.9999999989,"16":1.0000000021,"17":1.9999999979,"18":1.9999999978,"19":1.9999999979,"20":1.000000002,"21":0.9999999989,"22":1.9999999979,"23":1.9999999979,"24":1.9999999979},"8":{"0":1.9999999979,"1":1.9999999979,"2":0.9999999989,"3":1.9999999979,"4":1.0000000019,"5":0.9999999989,"6":1.0000000021,"7":1.9999999979,"8":0.0,"9":1.9999999979,"10":0.9999999989,"11":1.000000002,"12":1.9999999979,"13":1.9999999979,"14":1.9999999979,"15":0.9999999989,"16":1.0000000021,"17":1.9999999979,"18":1.9999999978,"19":1.9999999979,"20":1.000000002,"21":0.9999999989,"22":1.9999999979,"23":1.9999999979,"24":1.9999999979},"9":{"0":1.999999998,"1":1.999999998,"2":0.999999999,"3":1.999999998,"4":1.000000002,"5":0.999999999,"6":1.0000000021,"7":1.9999999979,"8":1.9999999979,"9":0.0,"10":0.999999999,"11":1.0000000021,"12":1.999999998,"13":1.9999999979,"14":1.999999998,"15":0.999999999,"16":1.0000000021,"17":1.999999998,"18":1.9999999979,"19":1.999999998,"20":1.000000002,"21":0.999999999,"22":1.999999998,"23":1.999999998,"24":1.999999998},"10":{"0":0.999999999,"1":0.999999999,"2":0.0,"3":0.999999999,"4":0.000000003,"5":0.0,"6":0.0000000031,"7":0.9999999989,"8":0.9999999989,"9":0.999999999,"10":0.0,"11":0.0000000031,"12":0.999999999,"13":0.9999999989,"14":0.999999999,"15":0.0,"16":0.0000000032,"17":0.999999999,"18":0.9999999989,"19":0.999999999,"20":0.000000003,"21":0.0,"22":0.999999999,"23":0.999999999,"24":0.999999999},"11":{"0":1.0000000021,"1":1.0000000021,"2":0.0000000031,"3":1.0000000021,"4":0.0000000061,"5":0.0000000031,"6":0.0000000062,"7":1.000000002,"8":1.000000002,"9":1.0000000021,"10":0.0000000031,"11":0.0,"12":1.0000000021,"13":1.000000002,"14":1.0000000021,"15":0.0000000031,"16":0.0000000062,"17":1.0000000021,"18":1.000000002,"19":1.0000000021,"20":0.0000000061,"21":0.0000000031,"22":1.0000000021,"23":1.0000000021,"24":1.0000000021},"12":{"0":1.999999998,"1":1.999999998,"2":0.999999999,"3":1.999999998,"4":1.000000002,"5":0.999999999,"6":1.0000000021,"7":1.9999999979,"8":1.9999999979,"9":1.999999998,"10":0.999999999,"11":1.0000000021,"12":0.0,"13":1.9999999979,"14":1.999999998,"15":0.999999999,"16":1.0000000022,"17":1.999999998,"18":1.9999999979,"19":1.999999998,"20":1.000000002,"21":0.999999999,"22":1.999999998,"23":1.999999998,"24":1.999999998},"13":{"0":1.9999999979,"1":1.9999999979,"2":0.9999999989,"3":1.9999999979,"4":1.000000002,"5":0.9999999989,"6":1.0000000021,"7":1.9999999979,"8":1.9999999979,"9":1.9999999979,"10":0.9999999989,"11":1.000000002,"12":1.9999999979,"13":0.0,"14":1.9999999979,"15":0.9999999989,"16":1.0000000021,"17":1.9999999979,"18":1.9999999978,"19":1.9999999979,"20":1.000000002,"21":0.9999999989,"22":1.9999999979,"23":1.9999999979,"24":1.9999999979},"14":{"0":1.999999998,"1":1.999999998,"2":0.999999999,"3":1.999999998,"4":1.000000002,"5":0.999999999,"6":1.0000000021,"7":1.9999999979,"8":1.9999999979,"9":1.999999998,"10":0.999999999,"11":1.0000000021,"12":1.999999998,"13":1.9999999979,"14":0.0,"15":0.999999999,"16":1.0000000021,"17":1.999999998,"18":1.9999999979,"19":1.9999999979,"20":1.000000002,"21":0.999999999,"22":1.999999998,"23":1.999999998,"24":1.9999999979},"15":{"0":0.999999999,"1":0.999999999,"2":0.0,"3":0.999999999,"4":0.000000003,"5":0.0,"6":0.0000000031,"7":0.9999999989,"8":0.9999999989,"9":0.999999999,"10":0.0,"11":0.0000000031,"12":0.999999999,"13":0.9999999989,"14":0.999999999,"15":0.0,"16":0.0000000032,"17":0.999999999,"18":0.9999999989,"19":0.999999999,"20":0.000000003,"21":0.0,"22":0.999999999,"23":0.999999999,"24":0.999999999},"16":{"0":1.0000000022,"1":1.0000000022,"2":0.0000000032,"3":1.0000000022,"4":0.0000000062,"5":0.0000000032,"6":0.0000000063,"7":1.0000000021,"8":1.0000000021,"9":1.0000000021,"10":0.0000000032,"11":0.0000000062,"12":1.0000000022,"13":1.0000000021,"14":1.0000000021,"15":0.0000000032,"16":0.0,"17":1.0000000021,"18":1.000000002,"19":1.0000000021,"20":0.0000000062,"21":0.0000000032,"22":1.0000000021,"23":1.0000000022,"24":1.0000000021},"17":{"0":1.999999998,"1":1.999999998,"2":0.999999999,"3":1.999999998,"4":1.000000002,"5":0.999999999,"6":1.0000000021,"7":1.9999999979,"8":1.9999999979,"9":1.999999998,"10":0.999999999,"11":1.0000000021,"12":1.999999998,"13":1.9999999979,"14":1.999999998,"15":0.999999999,"16":1.0000000021,"17":0.0,"18":1.9999999979,"19":1.999999998,"20":1.000000002,"21":0.999999999,"22":1.999999998,"23":1.999999998,"24":1.999999998},"18":{"0":1.9999999979,"1":1.9999999979,"2":0.9999999989,"3":1.9999999979,"4":1.0000000019,"5":0.9999999989,"6":1.000000002,"7":1.9999999978,"8":1.9999999978,"9":1.9999999979,"10":0.9999999989,"11":1.000000002,"12":1.9999999979,"13":1.9999999978,"14":1.9999999979,"15":0.9999999989,"16":1.000000002,"17":1.9999999979,"18":0.0,"19":1.9999999979,"20":1.0000000019,"21":0.9999999989,"22":1.9999999979,"23":1.9999999979,"24":1.9999999979},"19":{"0":1.999999998,