{"0":{"0":0.0,"1":0.0,"2":0.2687200574,"3":0.0,"4":0.0,"5":0.0,"6":0.0,"7":0.0286398817,"8":0.0,"9":0.0490607939,"10":0.0,"11":0.0,"12":0.0,"13":0.0,"14":0.093262455,"15":0.0}}