{"0":{"0":0.999999999,"1":0.000000001,"2":0.000000001,"3":0.000000001,"4":1.0,"5":0.000000001,"6":1.0,"7":0.000000001,"8":0.0000000011,"9":0.9999999975,"10":1.0,"11":0.9999999974,"12":0.0000000011,"13":0.000000001,"14":0.000000001}}