{"0":{"0":0.0374635138,"1":1.0133426056,"2":1.013199052,"3":1.0031941774,"4":0.0294074092,"5":0.9947468933,"6":0.0525838246,"7":1.0003975634,"8":1.0530575163,"9":0.0375925585,"10":0.0195090808,"11":0.0132126507,"12":1.053654104,"13":1.0086376904,"14":1.005744216}}