{"0":{"0":0.0,"1":1.000000002,"2":1.000000002,"3":1.000000002,"4":0.000000003,"5":1.000000002,"6":0.000000003,"7":1.000000002,"8":1.000000002,"9":0.0000000061,"10":0.000000003,"11":0.0000000061,"12":1.000000002,"13":1.000000002,"14":1.000000002},"1":{"0":1.000000002,"1":0.0,"2":1.999999998,"3":1.999999998,"4":0.999999999,"5":1.999999998,"6":0.999999999,"7":1.999999998,"8":1.9999999979,"9":1.000000002,"10":0.999999999,"11":1.0000000021,"12":1.9999999979,"13":1.999999998,"14":1.999999998},"2":{"0":1.000000002,"1":1.999999998,"2":0.0,"3":1.999999998,"4":0.999999999,"5":1.999999998,"6":0.999999999,"7":1.999999998,"8":1.9999999979,"9":1.000000002,"10":0.999999999,"11":1.0000000021,"12":1.9999999979,"13":1.999999998,"14":1.999999998},"3":{"0":1.000000002,"1":1.999999998,"2":1.999999998,"3":0.0,"4":0.999999999,"5":1.999999998,"6":0.999999999,"7":1.999999998,"8":1.9999999979,"9":1.000000002,"10":0.999999999,"11":1.0000000021,"12":1.9999999979,"13":1.999999998,"14":1.999999998},"4":{"0":0.000000003,"1":0.999999999,"2":0.999999999,"3":0.999999999,"4":0.0,"5":0.999999999,"6":0.0,"7":0.999999999,"8":0.9999999989,"9":0.000000003,"10":0.0,"11":0.0000000031,"12":0.9999999989,"13":0.999999999,"14":0.999999999},"5":{"0":1.000000002,"1":1.999999998,"2":1.999999998,"3":1.999999998,"4":0.999999999,"5":0.0,"6":0.999999999,"7":1.999999998,"8":1.999999998,"9":1.0000000021,"10":0.999999999,"11":1.0000000021,"12":1.999999998,"13":1.999999998,"14":1.999999998},"6":{"0":0.000000003,"1":0.999999999,"2":0.999999999,"3":0.999999999,"4":0.0,"5":0.999999999,"6":0.0,"7":0.999999999,"8":0.9999999989,"9":0.000000003,"10":0.0,"11":0.0000000031,"12":0.9999999989,"13":0.999999999,"14":0.999999999},"7":{"0":1.000000002,"1":1.999999998,"2":1.999999998,"3":1.999999998,"4":0.999999999,"5":1.999999998,"6":0.999999999,"7":0.0,"8":1.9999999979,"9":1.000000002,"10":0.999999999,"11":1.0000000021,"12":1.9999999979,"13":1.999999998,"14":1.999999998},"8":{"0":1.000000002,"1":1.9999999979,"2":1.9999999979,"3":1.9999999979,"4":0.9999999989,"5":1.999999998,"6":0.9999999989,"7":1.9999999979,"8":0.0,"9":1.000000002,"10":0.9999999989,"11":1.000000002,"12":1.9999999979,"13":1.9999999979,"14":1.9999999979},"9":{"0":0.0000000061,"1":1.000000002,"2":1.000000002,"3":1.000000002,"4":0.000000003,"5":1.0000000021,"6":0.000000003,"7":1.000000002,"8":1.000000002,"9":0.0,"10":0.000000003,"11":0.0000000061,"12":1.000000002,"13":1.000000002,"14":1.000000002},"10":{"0":0.000000003,"1":0.999999999,"2":0.999999999,"3":0.999999999,"4":0.0,"5":0.999999999,"6":0.0,"7":0.999999999,"8":0.9999999989,"9":0.000000003,"10":0.0,"11":0.0000000031,"12":0.9999999989,"13":0.999999999,"14":0.999999999},"11":{"0":0.0000000061,"1":1.0000000021,"2":1.0000000021,"3":1.0000000021,"4":0.0000000031,"5":1.0000000021,"6":0.0000000031,"7":1.0000000021,"8":1.000000002,"9":0.0000000061,"10":0.0000000031,"11":0.0,"12":1.000000002,"13":1.0000000021,"14":1.0000000021},"12":{"0":1.000000002,"1":1.9999999979,"2":1.9999999979,"3":1.9999999979,"4":0.9999999989,"5":1.999999998,"6":0.9999999989,"7":1.9999999979,"8":1.9999999979,"9":1.000000002,"10":0.9999999989,"11":1.000000002,"12":0.0,"13":1.9999999979,"14":1.9999999979},"13":{"0":1.000000002,"1":1.999999998,"2":1.999999998,"3":1.999999998,"4":0.999999999,"5":1.999999998,"6":0.999999999,"7":1.999999998,"8":1.9999999979,"9":1.000000002,"10":0.999999999,"11":1.0000000021,"12":1.9999999979,"13":0.0,"14":1.999999998},"14":{"0":1.000000002,"1":1.999999998,"2":1.999999998,"3":1.999999998,"4":0.999999999,"5":1.999999998,"6":0.999999999,"7":1.999999998,"8":1.9999999979,"9":1.000000002,"10":0.999999999,"11":1.0000000021,"12":1.9999999979,"13":1.999999998,"14":0.0}}