{"0":{"0":0.000000001,"1":0.000000001,"2":0.9999999952,"3":1.0,"4":0.000000001,"5":0.000000001,"6":0.000000001,"7":0.000000001,"8":0.9999999951,"9":1.0,"10":0.000000001,"11":0.000000001,"12":0.000000001,"13":0.0000000011,"14":0.000000001,"15":0.000000001,"16":1.0,"17":0.999999995,"18":0.000000001,"19":0.0000000011,"20":0.000000001,"21":0.000000001,"22":0.000000001,"23":0.0000000011}}