{"0":{"0":0.0,"1":1.999999998,"2":1.000000005,"3":0.999999999,"4":1.9999999979,"5":1.999999998,"6":1.999999998,"7":1.999999998,"8":1.0000000051,"9":0.999999999,"10":1.999999998,"11":1.999999998,"12":1.9999999979,"13":1.9999999979,"14":1.999999998,"15":1.9999999979,"16":0.999999999,"17":1.0000000052,"18":1.999999998,"19":1.9999999979,"20":1.999999998,"21":1.999999998,"22":1.999999998,"23":1.9999999979},"1":{"0":1.999999998,"1":0.0,"2":1.0000000051,"3":0.999999999,"4":1.999999998,"5":1.999999998,"6":1.999999998,"7":1.999999998,"8":1.0000000051,"9":0.999999999,"10":1.999999998,"11":1.999999998,"12":1.999999998,"13":1.9999999979,"14":1.999999998,"15":1.999999998,"16":0.999999999,"17":1.0000000052,"18":1.999999998,"19":1.9999999979,"20":1.999999998,"21":1.999999998,"22":1.999999998,"23":1.9999999979},"2":{"0":1.000000005,"1":1.0000000051,"2":0.0,"3":0.0000000061,"4":1.000000005,"5":1.0000000051,"6":1.0000000051,"7":1.000000005,"8":0.0000000122,"9":0.0000000061,"10":1.000000005,"11":1.0000000051,"12":1.000000005,"13":1.000000005,"14":1.0000000051,"15":1.000000005,"16":0.0000000061,"17":0.0000000123,"18":1.000000005,"19":1.000000005,"20":1.000000005,"21":1.0000000051,"22":1.000000005,"23":1.000000005},"3":{"0":0.999999999,"1":0.999999999,"2":0.0000000061,"3":0.0,"4":0.999999999,"5":0.999999999,"6":0.999999999,"7":0.999999999,"8":0.0000000061,"9":0.0,"10":0.999999999,"11":0.999999999,"12":0.999999999,"13":0.9999999989,"14":0.999999999,"15":0.999999999,"16":0.0,"17":0.0000000062,"18":0.999999999,"19":0.9999999989,"20":0.999999999,"21":0.999999999,"22":0.999999999,"23":0.9999999989},"4":{"0":1.9999999979,"1":1.999999998,"2":1.000000005,"3":0.999999999,"4":0.0,"5":1.999999998,"6":1.999999998,"7":1.9999999979,"8":1.0000000051,"9":0.999999999,"10":1.999999998,"11":1.999999998,"12":1.9999999979,"13":1.9999999979,"14":1.999999998,"15":1.9999999979,"16":0.999999999,"17":1.0000000052,"18":1.999999998,"19":1.9999999979,"20":1.999999998,"21":1.999999998,"22":1.999999998,"23":1.9999999979},"5":{"0":1.999999998,"1":1.999999998,"2":1.0000000051,"3":0.999999999,"4":1.999999998,"5":0.0,"6":1.999999998,"7":1.999999998,"8":1.0000000051,"9":0.999999999,"10":1.999999998,"11":1.999999998,"12":1.999999998,"13":1.999999998,"14":1.999999998,"15":1.999999998,"16":0.999999999,"17":1.0000000052,"18":1.999999998,"19":1.9999999979,"20":1.999999998,"21":1.999999998,"22":1.999999998,"23":1.9999999979},"6":{"0":1.999999998,"1":1.999999998,"2":1.0000000051,"3":0.999999999,"4":1.999999998,"5":1.999999998,"6":0.0,"7":1.999999998,"8":1.0000000051,"9":0.999999999,"10":1.999999998,"11":1.999999998,"12":1.999999998,"13":1.9999999979,"14":1.999999998,"15":1.999999998,"16":0.999999999,"17":1.0000000052,"18":1.999999998,"19":1.9999999979,"20":1.999999998,"21":1.999999998,"22":1.999999998,"23":1.9999999979},"7":{"0":1.999999998,"1":1.999999998,"2":1.000000005,"3":0.999999999,"4":1.9999999979,"5":1.999999998,"6":1.999999998,"7":0.0,"8":1.0000000051,"9":0.999999999,"10":1.999999998,"11":1.999999998,"12":1.9999999979,"13":1.9999999979,"14":1.999999998,"15":1.9999999979,"16":0.999999999,"17":1.0000000052,"18":1.999999998,"19":1.9999999979,"20":1.999999998,"21":1.999999998,"22":1.999999998,"23":1.9999999979},"8":{"0":1.0000000051,"1":1.0000000051,"2":0.0000000122,"3":0.0000000061,"4":1.0000000051,"5":1.0000000051,"6":1.0000000051,"7":1.0000000051,"8":0.0,"9":0.0000000061,"10":1.0000000051,"11":1.0000000051,"12":1.0000000051,"13":1.0000000051,"14":1.0000000051,"15":1.0000000051,"16":0.0000000061,"17":0.0000000123,"18":1.0000000051,"19":1.000000005,"20":1.0000000051,"21":1.0000000051,"22":1.0000000051,"23":1.000000005},"9":{"0":0.999999999,"1":0.999999999,"2":0.0000000061,"3":0.0,"4":0.999999999,"5":0.999999999,"6":0.999999999,"7":0.999999999,"8":0.0000000061,"9":0.0,"10":0.999999999,"11":0.999999999,"12":0.999999999,"13":0.9999999989,"14":0.999999999,"15":0.999999999,"16":0.0,"17":0.0000000062,"18":0.999999999,"19":0.9999999989,"20":0.999999999,"21":0.999999999,"22":0.999999999,"23":0.9999999989},"10":{"0":1.999999998,"1":1.999999998,"2":1.000000005,"3":0.999999999,"4":1.999999998,"5":1.999999998,"6":1.999999998,"7":1.999999998,"8":1.0000000051,"9":0.999999999,"10":0.0,"11":1.999999998,"12":1.999999998,"13":1.9999999979,"14":1.999999998,"15":1.9999999979,"16":0.999999999,"17":1.0000000052,"18":1.999999998,"19":1.9999999979,"20":1.999999998,"21":1.999999998,"22":1.999999998,"23":1.9999999979},"11":{"0":1.999999998,"1":1.999999998,"2":1.0000000051,"3":0.999999999,"4":1.999999998,"5":1.999999998,"6":1.999999998,"7":1.999999998,"8":1.0000000051,"9":0.999999999,"10":1.999999998,"11":0.0,"12":1.999999998,"13":1.9999999979,"14":1.999999998,"15":1.999999998,"16":0.999999999,"17":1.0000000052,"18":1.999999998,"19":1.9999999979,"20":1.999999998,"21":1.999999998,"22":1.999999998,"23":1.9999999979},"12":{"0":1.9999999979,"1":1.999999998,"2":1.000000005,"3":0.999999999,"4":1.9999999979,"5":1.999999998,"6":1.999999998,"7":1.9999999979,"8":1.0000000051,"9":0.999999999,"10":1.999999998,"11":1.999999998,"12":0.0,"13":1.9999999979,"14":1.999999998,"15":1.9999999979,"16":0.999999999,"17":1.0000000052,"18":1.999999998,"19":1.9999999979,"20":1.999999998,"21":1.999999998,"22":1.999999998,"23":1.9999999979},"13":{"0":1.9999999979,"1":1.9999999979,"2":1.000000005,"3":0.9999999989,"4":1.9999999979,"5":1.999999998,"6":1.9999999979,"7":1.9999999979,"8":1.0000000051,"9":0.9999999989,"10":1.9999999979,"11":1.9999999979,"12":1.9999999979,"13":0.0,"14":1.999999998,"15":1.9999999979,"16":0.9999999989,"17":1.0000000052,"18":1.9999999979,"19":1.9999999979,"20":1.9999999979,"21":1.9999999979,"22":1.9999999979,"23":1.9999999978},"14":{"0":1.999999998,"1":1.999999998,"2":1.0000000051,"3":0.999999999,"4":1.999999998,"5":1.999999998,"6":1.999999998,"7":1.999999998,"8":1.0000000051,"9":0.999999999,"10":1.999999998,"11":1.999999998,"12":1.999999998,"13":1.999999998,"14":0.0,"15":1.999999998,"16":0.999999999,"17":1.0000000052,"18":1.999999998,"19":1.9999999979,"20":1.999999998,"21":1.999999998,"22":1.999999998,"23":1.9999999979},"15":{"0":1.9999999979,"1":1.999999998,"2":1.000000005,"3":0.999999999,"4":1.9999999979,"5":1.999999998,"6":1.999999998,"7":1.9999999979,"8":1.0000000051,"9":0.999999999,"10":1.9999999979,"11":1.999999998,"12":1.9999999979,"13":1.9999999979,"14":1.999999998,"15":0.0,"16":0.999999999,"17":1.0000000052,"18":1.999999998,"19":1.9999999979,"20":1.999999998,"21":1.999999998,"22":1.9999999979,"23":1.9999999979},"16":{"0":0.999999999,"1":0.999999999,"2":0.0000000061,"3":0.0,"4":0.999999999,"5":0.999999999,"6":0.999999999,"7":0.999999999,"8":0.0000000061,"9":0.0,"10":0.999999999,"11":0.999999999,"12":0.999999999,"13":0.9999999989,"14":0.999999999,"15":0.999999999,"16":0.0,"17":0.0000000062,"18":0.999999999,"19":0.9999999989,"20":0.999999999,"21":0.999999999,"22":0.999999999,"23":0.9999999989},"17":{"0":1.0000000052,"1":1.0000000052,"2":0.0000000123,"3":0.0000000062,"4":1.0000000052,"5":1.0000000052,"6":1.0000000052,"7":1.0000000052,"8":0.0000000123,"9":0.0000000062,"10":1.0000000052,"11":1.0000000052,"12":1.0000000052,"13":1.0000000052,"14":1.0000000052,"15":1.0000000052,"16":0.0000000062,"17":0.0,"18":1.0000000052,"19":1.0000000051,"20":1.0000000052,"21":1.0000000052,"22":1.0000000052,"23":1.0000000051},"18":{"0":1.999999998,"1":1.999999998,"2":1.000000005,"3":0.999999999,"4":1.999999998,"5":1.999999998,"6":1.999999998,"7":1.999999998,"8":1.0000000051,"9":0.999999999,"10":1.999999998,"11":1.999999998,"12":1.999999998,"13":1.9999999979,"14":1.999999998,"15":1.999999998,"16":0.999999999,"17":1.0000000052,"18":0.0,"19":1.9999999979,"20":1.999999998,"21":1.999999998,"22":1.999999998,"23":1.9999999979},"19":{"0":1.9999999979,"1":1.9999999979,"2":1.000000005,"3":0.9999999989,"4":1.9999999979,"5":1.9999999979,"6":1.9999999979,"7":1.9999999979,"8":1.000000005,"9":0.9999999989,"10":1.9999999979,"11":1.9999999979,"12":1.9999999979,"13":1.9999999979,"14":1.9999999979,"15":1.9999999979,"16":0.9999999989,"17":1.0000000051,"18":1.9999999979,