{"0":{"0":0.0,"1":0.0,"2":0.0958456474,"3":0.0,"4":0.0,"5":0.0,"6":0.0,"7":0.1012599094,"8":0.0,"9":0.0,"10":0.1293017916,"11":0.0,"12":0.0,"13":0.0798426606,"14":0.0,"15":0.0,"16":0.0,"17":0.0,"18":0.0293127828,"19":0.0,"20":0.0,"21":0.0,"22":0.1534555629,"23":0.0}}