{"0":{"0":0.000000001,"1":0.000000001,"2":0.000000001,"3":1.0,"4":0.9999999951,"5":0.000000001,"6":0.000000001,"7":0.000000001,"8":1.0,"9":0.999999995,"10":0.0000000011,"11":0.000000001,"12":0.000000001,"13":0.000000001,"14":0.000000001,"15":0.0000000011,"16":1.0,"17":0.999999995,"18":0.000000001,"19":0.000000001,"20":0.0000000011,"21":0.0000000011,"22":0.000000001,"23":0.000000001}}