{"0":{"0":1.0,"1":0.999999999,"2":0.000000001,"3":0.000000001,"4":0.000000001,"5":0.9999999974,"6":1.0,"7":0.000000001,"8":0.000000001,"9":0.0000000011,"10":1.0,"11":0.9999999974,"12":0.000000001,"13":0.000000001,"14":0.000000001,"15":1.0,"16":0.9999999975,"17":0.000000001,"18":0.000000001,"19":0.000000001}}