{"0":{"0":1.0,"1":0.000000001,"2":1.0,"3":0.000000001,"4":1.0,"5":0.9999999984,"6":0.000000001,"7":0.0000000011,"8":1.0,"9":0.9999999984,"10":0.0000000011,"11":0.000000001,"12":1.0,"13":0.9999999984,"14":0.000000001,"15":0.000000001,"16":1.0,"17":0.9999999984,"18":0.000000001,"19":0.000000001}}