{"0":{"0":0.0,"1":0.0,"2":0.0,"3":0.2052462099,"4":0.0,"5":0.0609524643,"6":0.0,"7":0.0,"8":0.0,"9":0.2371087605,"10":0.0,"11":0.0,"12":0.0,"13":0.0607055589,"14":0.0,"15":0.0}}