{"0":{"0":0.0,"1":0.0,"2":0.0997048289,"3":0.0105706227,"4":0.0,"5":0.0,"6":0.0882543828,"7":0.0,"8":0.0992041004,"9":0.0,"10":0.0,"11":0.0,"12":0.0,"13":0.9996836843,"14":0.0253174213}}