{"0":{"0":0.0011597095,"1":0.1095504397,"2":1.043535034,"3":0.9778565228,"4":1.0123763164,"5":0.0673664124,"6":0.0,"7":0.9720385971,"8":1.0000137851,"9":1.1423194587,"10":0.0,"11":0.0638541571,"12":1.0382839731,"13":1.0184578234,"14":1.0205673545,"15":0.0467151671,"16":0.0077403704,"17":0.9910369152,"18":1.0351855786,"19":1.0000025735}}