{"0":{"0":0.0,"1":0.1761798136,"2":0.0,"3":0.1094301175,"4":0.0,"5":0.0,"6":0.0561425895,"7":0.0,"8":0.0,"9":0.0,"10":0.0443148836,"11":0.0,"12":0.0986027055}}