{"0":{"0":-9.931106093e+17,"1":-1104015044570538.0,"2":-843425363091141.875,"3":-9.930916959e+17,"4":-924185672706412.75,"5":-9.931063723e+17}}