{"0":{"0":-9.947567002e+17,"1":-796076402532243.875,"2":-9.947566963e+17,"3":-796058313856107.875,"4":-796100961764807.5,"5":-9.947567045e+17}}