{"0":{"0":-1.425947301e+18,"1":-5382346866354147.0,"2":-489885897970829.0625,"3":-9.540996884e+17,"4":-8206550347643058.0,"5":-9.541079903e+17}}