{"0":{"0":-1005741273425769.75,"1":-9.937244479e+17,"2":-9.937244739e+17,"3":-997968545450888.25,"4":-9.937394333e+17,"5":-755060431168774.5}}