{"0":{"0":-9.947369551e+17,"1":-796000512536277.875,"2":-796000587299563.75,"3":-9.947369848e+17,"4":-795998975653794.25,"5":-9.947369586e+17}}