{"0":{"0":796000087405744.375,"1":-2.783366612e+17,"2":-2.806839154e+17,"3":2.380046989e+18,"4":-2.768989273e+17,"5":2.380055291e+18},"1":{"0":-2.783366612e+17,"1":796000087405744.375,"2":2979515936776724.0,"3":1918349497497884.25,"4":4933946451072895.0,"5":1931681903674285.0},"2":{"0":-2.806839486e+17,"1":2979518967604368.0,"2":796000087405744.375,"3":3097385657002950.5,"4":3847812208048905.5,"5":3118399963405178.0},"3":{"0":2.380046989e+18,"1":1918349497372216.25,"2":3097386730816917.0,"3":796000087405744.375,"4":2046679817910848.25,"5":1.908207679e+18},"4":{"0":-2.774894819e+17,"1":5516577156605254.0,"2":3866019162097917.5,"3":2047316873544235.75,"4":796000087405744.375,"5":2008975581950232.25},"5":{"0":2.380055291e+18,"1":1931681903674319.75,"2":3118396963890119.0,"3":1.908207679e+18,"4":2009342793011439.5,"5":796000087405744.375}}