{"0":{"0":795999984406839.75,"1":943348315838436.75,"2":943365235595514.5,"3":893578460729771.0,"4":956355913805433.75,"5":834791556091878.625},"1":{"0":943345241414136.25,"1":795999984406839.75,"2":1.987448922e+18,"3":942993498201577.5,"4":1.987463881e+18,"5":825738361974422.125},"2":{"0":943350411555950.0,"1":1.987448922e+18,"2":795999984406839.75,"3":943086939358220.625,"4":1.987463907e+18,"5":825719444823767.375},"3":{"0":893557956374303.5,"1":942993498201561.5,"2":943086939358214.125,"3":795999984406839.75,"4":958046889751018.25,"5":833961816720095.25},"4":{"0":956359406531259.0,"1":1.987463881e+18,"2":1.987463907e+18,"3":958046889750997.75,"4":795999984406839.75,"5":831291217477136.5},"5":{"0":834734661574468.75,"1":825738361974422.125,"2":825719442758618.25,"3":833898867486655.0,"4":831291217477136.5,"5":795999984406839.75}}