{"0":{"0":796000030798077.25,"1":796104742385029.625,"2":796005421306631.875,"3":1.98947394e+18,"4":796107752751805.625,"5":1.989473914e+18},"1":{"0":796104742388434.5,"1":796000030798077.25,"2":796001577792964.0,"3":796091600221708.125,"4":796000031042006.75,"5":796103178676182.125},"2":{"0":796005421299403.375,"1":796001560172438.875,"2":796000030798077.25,"3":796003993526606.875,"4":796000031042007.375,"5":796005189902237.5},"3":{"0":1.98947394e+18,"1":796091600221708.125,"2":796003993526607.125,"3":796000030798077.25,"4":796094212360755.375,"5":1.989473943e+18},"4":{"0":796107752747381.875,"1":796000031042006.75,"2":796000031042007.375,"3":796094212360751.75,"4":796000030798077.25,"5":796106021760096.875},"5":{"0":1.989473914e+18,"1":796103178676182.125,"2":796005189894271.625,"3":1.989473943e+18,"4":796106021760097.375,"5":796000030798077.25}}