{"0":{"0":796000038077968.75,"1":796002596289472.25,"2":1.989513396e+18,"3":796002179581447.125,"4":796003150555915.0,"5":1.989513405e+18},"1":{"0":796002596289472.25,"1":796000038077968.75,"2":796002513170332.5,"3":795999861072061.625,"4":795999887788981.625,"5":796002686854504.375},"2":{"0":1.989513396e+18,"1":796002513170332.5,"2":796000038077968.75,"3":796002094621599.375,"4":796003069921992.875,"5":1.989513401e+18},"3":{"0":796002179581463.25,"1":795999861072061.625,"2":796002094621317.0,"3":796000038077968.75,"4":795999873219597.875,"5":796002272102048.125},"4":{"0":796003150555914.875,"1":795999887788975.75,"2":796003069921992.875,"3":795999873219598.125,"4":796000038077968.75,"5":796003237952231.125},"5":{"0":1.989513405e+18,"1":796002686854504.375,"2":1.989513401e+18,"3":796002272101890.25,"4":796003237952231.125,"5":796000038077968.75}}