{"0":{"0":796000016174948.5,"1":808505653577516.0,"2":808138138964606.0,"3":1.986202305e+18,"4":808338475270354.75,"5":1.986216982e+18},"1":{"0":808505653468438.125,"1":796000016174948.5,"2":798240414564787.0,"3":808829718948613.5,"4":808715311835260.125,"5":801584001333088.25},"2":{"0":808138138950744.25,"1":798240414564912.0,"2":796000016174948.5,"3":807979611040513.5,"4":808576123658201.0,"5":812532350439856.5},"3":{"0":1.986202305e+18,"1":808829718909128.375,"2":807979647127214.0,"3":796000016174948.5,"4":808278848463908.0,"5":1.986198068e+18},"4":{"0":808338546324257.375,"1":808715311834416.125,"2":808576123639332.0,"3":808278851697268.75,"4":796000016174948.5,"5":808267289979035.375},"5":{"0":1.986216982e+18,"1":801585722151081.375,"2":808192109442258.875,"3":1.986198068e+18,"4":808267289978831.125,"5":796000016174948.5}}