{"0":{"0":1.0239178019,"1":1.0069068426,"2":0.0000788702,"3":0.0073700154,"4":1.0264669629,"5":0.9795739564,"6":0.9950435404,"7":1.0258237166,"8":0.0554061986,"9":0.0138259444,"10":1.0122493557,"11":1.0017549901,"12":1.0271264542,"13":1.055599562,"14":0.978623398,"15":1.0377672278,"16":0.0342237723,"17":0.0264208178,"18":1.0092313312,"19":1.093828971,"20":1.0083311274,"21":0.9952778019,"22":1.013514661,"23":1.1062930901}}