{"0":{"0":0.1173706927,"1":0.1203520267,"2":0.0,"3":0.9993824499,"4":0.0,"5":0.034993835,"6":0.9982283386,"7":0.1443155686,"8":0.0,"9":0.0,"10":0.0,"11":0.0494039593,"12":0.0,"13":0.0,"14":0.1231043465}}