{"0":{"0":0.9999900082,"1":1.0,"2":0.0,"3":0.0000099938,"4":0.0,"5":0.9999900182,"6":0.0000099823,"7":1.0,"8":0.0,"9":0.0,"10":0.0,"11":1.0,"12":0.0,"13":0.0,"14":1.0}}