{"0":{"0":0.0,"1":0.0,"2":0.0,"3":0.0,"4":0.0,"5":0.0,"6":0.0,"7":0.0,"8":0.0,"9":0.0,"10":0.0,"11":0.0,"12":0.0,"13":0.0,"14":0.0},"1":{"0":0.1482121715,"1":0.0,"2":0.0,"3":0.0,"4":0.0,"5":0.0,"6":0.0,"7":0.0,"8":0.0,"9":0.0,"10":0.0,"11":0.0,"12":0.0,"13":0.0,"14":0.0},"2":{"0":1.0000099938,"1":1.0,"2":0.0,"3":0.0,"4":0.0,"5":0.0,"6":0.0,"7":0.0,"8":0.0,"9":0.0,"10":0.0,"11":0.0,"12":0.0,"13":0.0,"14":0.0},"3":{"0":1.0,"1":0.9999900062,"2":1.9999900062,"3":0.0,"4":0.0,"5":0.0,"6":0.0,"7":0.0,"8":0.0,"9":0.0,"10":0.0,"11":0.0,"12":0.0,"13":0.0,"14":0.0},"4":{"0":1.0000099938,"1":1.0,"2":2.0,"3":1.9999900062,"4":0.0,"5":0.0,"6":0.0,"7":0.0,"8":0.0,"9":0.0,"10":0.0,"11":0.0,"12":0.0,"13":0.0,"14":0.0},"5":{"0":0.0000199761,"1":0.0000099823,"2":1.0000099823,"3":0.9999999885,"4":1.0000099823,"5":0.0,"6":0.0,"7":0.0,"8":0.0,"9":0.0,"10":0.0,"11":0.0,"12":0.0,"13":0.0,"14":0.0},"6":{"0":1.0000000115,"1":0.9999900177,"2":1.9999900177,"3":1.9999800239,"4":1.9999900177,"5":1.0,"6":0.0,"7":0.0,"8":0.0,"9":0.0,"10":0.0,"11":0.0,"12":0.0,"13":0.0,"14":0.0},"7":{"0":0.0000099938,"1":0.0,"2":1.0,"3":0.9999900062,"4":1.0,"5":0.0000099823,"6":0.9999900177,"7":0.0,"8":0.0,"9":0.0,"10":0.0,"11":0.0,"12":0.0,"13":0.0,"14":0.0},"8":{"0":1.0000099938,"1":1.0,"2":2.0,"3":1.9999900062,"4":2.0,"5":1.0000099823,"6":1.9999900177,"7":1.0,"8":0.0,"9":0.0,"10":0.0,"11":0.0,"12":0.0,"13":0.0,"14":0.0},"9":{"0":1.0000099938,"1":1.0,"2":2.0,"3":1.9999900062,"4":2.0,"5":1.0000099823,"6":1.9999900177,"7":1.0,"8":2.0,"9":0.0,"10":0.0,"11":0.0,"12":0.0,"13":0.0,"14":0.0},"10":{"0":1.0000099938,"1":1.0,"2":2.0,"3":1.9999900062,"4":2.0,"5":1.0000099823,"6":1.9999900177,"7":1.0,"8":2.0,"9":2.0,"10":0.0,"11":0.0,"12":0.0,"13":0.0,"14":0.0},"11":{"0":0.0000099938,"1":0.0,"2":1.0,"3":0.9999900062,"4":1.0,"5":0.0000099823,"6":0.9999900177,"7":0.0,"8":1.0,"9":1.0,"10":1.0,"11":0.0,"12":0.0,"13":0.0,"14":0.0},"12":{"0":1.0000099938,"1":1.0,"2":2.0,"3":1.9999900062,"4":2.0,"5":1.0000099823,"6":1.9999900177,"7":1.0,"8":2.0,"9":2.0,"10":2.0,"11":1.0,"12":0.0,"13":0.0,"14":0.0},"13":{"0":1.0000099938,"1":1.0,"2":2.0,"3":1.9999900062,"4":2.0,"5":1.0000099823,"6":1.9999900177,"7":1.0,"8":2.0,"9":2.0,"10":2.0,"11":1.0,"12":2.0,"13":0.0,"14":0.0},"14":{"0":0.0000099938,"1":0.0,"2":1.0,"3":0.9999900062,"4":1.0,"5":0.0000099823,"6":0.9999900177,"7":0.0,"8":1.0,"9":1.0,"10":1.0,"11":0.0,"12":1.0,"13":1.0,"14":0.0}}