{"0":{"0":0.0,"1":0.0,"2":0.0391341386,"3":0.0,"4":0.066979786,"5":0.0,"6":0.0703448775,"7":0.0,"8":0.0,"9":0.0,"10":0.1743728754,"11":0.0,"12":0.0,"13":0.0,"14":0.1169268265}}