{"0":{"0":0.0100208835,"1":0.0141430212,"2":1.0281555703,"3":1.0152717933,"4":1.0348092334,"5":0.0155148197,"6":0.1211705046,"7":1.0537232257,"8":1.0475807058,"9":1.0402053886,"10":0.0675151427,"11":0.0054024804,"12":1.0128621416,"13":1.0076726152,"14":1.0403935869,"15":0.0171295021,"16":0.1235454008,"17":1.0295722877,"18":1.0002240019,"19":1.0172188022}}