{"0":{"0":0.0228088219,"1":0.0073623881,"2":0.9958082522,"3":1.0178488723,"4":1.0294074082,"5":1.000057471,"6":1.0062284703,"7":1.0003975634,"8":0.058368095,"9":0.0261812738,"10":1.0254892983,"11":1.007902069,"12":0.9936545795,"13":1.0086376904,"14":1.0520995693,"15":1.202061651,"16":0.0,"17":0.0,"18":1.0554362009,"19":1.010273717,"20":1.0314117987,"21":1.017171023,"22":1.0175243393,"23":1.0009496512}}