{"0":{"0":0.9999999952,"1":1.0,"2":0.000000001,"3":0.000000001,"4":0.000000001,"5":0.000000001,"6":0.000000001,"7":0.000000001,"8":1.0,"9":0.999999995,"10":0.000000001,"11":0.000000001,"12":0.000000001,"13":0.000000001,"14":0.0000000011,"15":0.0000000012,"16":1.0,"17":0.9999999951,"18":0.0000000011,"19":0.000000001,"20":0.000000001,"21":0.000000001,"22":0.000000001,"23":0.000000001}}