{"0":{"0":0.0216574378,"1":0.9964435687,"2":0.0884749389,"3":1.0083402986,"4":1.0160486473,"5":0.0030347605,"6":0.0115776965,"7":1.0622027793,"8":1.0259364271,"9":1.0176103651,"10":0.1257381383,"11":0.011229893,"12":1.0071267817,"13":1.0198527321,"14":1.0275377465,"15":0.0,"16":0.0121672133,"17":1.0085681195,"18":1.0366834933,"19":1.0025117231,"20":0.0602046207,"21":0.0255969194,"22":1.0583536941,"23":1.0014872485,"24":1.0352706963}}