{"0":{"0":0.0,"1":0.0,"2":0.0529226145,"3":0.0,"4":0.0199397035,"5":0.0,"6":0.0,"7":0.0,"8":0.2007530071,"9":0.0,"10":0.0,"11":0.0,"12":0.101398883,"13":0.0,"14":0.0,"15":0.0,"16":0.0,"17":0.0,"18":0.0,"19":0.1536801748,"20":0.1488652424,"21":0.0,"22":0.0,"23":0.0}}