{"0":{"0":0.999999999,"1":0.000000001,"2":1.0,"3":0.000000001,"4":0.000000001,"5":1.0,"6":0.9999999974,"7":0.0000000011,"8":0.000000001,"9":0.000000001,"10":0.9999999974,"11":1.0,"12":0.000000001,"13":0.000000001,"14":0.000000001,"15":1.0,"16":0.9999999974,"17":0.000000001,"18":0.000000001,"19":0.000000001}}