{"0":{"0":0.0328127178,"1":0.0286650966,"2":0.0,"3":0.0,"4":0.0,"5":0.108370795,"6":0.0,"7":0.1320587944,"8":0.9819950114,"9":0.0,"10":0.0,"11":0.0,"12":0.0,"13":0.097882791,"14":0.9817827072}}