{"0":{"0":0.0,"1":0.0,"2":0.0,"3":0.0,"4":0.0,"5":0.0,"6":0.0,"7":0.0,"8":0.0,"9":0.0,"10":0.0,"11":0.0,"12":0.0,"13":0.0,"14":0.0},"1":{"0":0.0,"1":0.0,"2":0.0,"3":0.0,"4":0.0,"5":0.0,"6":0.0,"7":0.0,"8":0.0,"9":0.0,"10":0.0,"11":0.0,"12":0.0,"13":0.0,"14":0.0},"2":{"0":1.0,"1":1.0,"2":0.0,"3":0.0,"4":0.0,"5":0.0,"6":0.0,"7":0.0,"8":0.0,"9":0.0,"10":0.0,"11":0.0,"12":0.0,"13":0.0,"14":0.0},"3":{"0":1.0,"1":1.0,"2":2.0,"3":0.0,"4":0.0,"5":0.0,"6":0.0,"7":0.0,"8":0.0,"9":0.0,"10":0.0,"11":0.0,"12":0.0,"13":0.0,"14":0.0},"4":{"0":1.0,"1":1.0,"2":2.0,"3":2.0,"4":0.0,"5":0.0,"6":0.0,"7":0.0,"8":0.0,"9":0.0,"10":0.0,"11":0.0,"12":0.0,"13":0.0,"14":0.0},"5":{"0":0.00000982,"1":0.00000982,"2":1.00000982,"3":1.00000982,"4":1.00000982,"5":0.0,"6":0.0,"7":0.0,"8":0.0,"9":0.0,"10":0.0,"11":0.0,"12":0.0,"13":0.0,"14":0.0},"6":{"0":1.0,"1":1.0,"2":2.0,"3":2.0,"4":2.0,"5":1.00000982,"6":0.0,"7":0.0,"8":0.0,"9":0.0,"10":0.0,"11":0.0,"12":0.0,"13":0.0,"14":0.0},"7":{"0":0.0,"1":0.0,"2":1.0,"3":1.0,"4":1.0,"5":0.00000982,"6":1.0,"7":0.0,"8":0.0,"9":0.0,"10":0.0,"11":0.0,"12":0.0,"13":0.0,"14":0.0},"8":{"0":0.99999018,"1":0.99999018,"2":1.99999018,"3":1.99999018,"4":1.99999018,"5":1.0,"6":1.99999018,"7":0.99999018,"8":0.0,"9":0.0,"10":0.0,"11":0.0,"12":0.0,"13":0.0,"14":0.0},"9":{"0":1.0,"1":1.0,"2":2.0,"3":2.0,"4":2.0,"5":1.00000982,"6":2.0,"7":1.0,"8":1.99999018,"9":0.0,"10":0.0,"11":0.0,"12":0.0,"13":0.0,"14":0.0},"10":{"0":1.0,"1":1.0,"2":2.0,"3":2.0,"4":2.0,"5":1.00000982,"6":2.0,"7":1.0,"8":1.99999018,"9":2.0,"10":0.0,"11":0.0,"12":0.0,"13":0.0,"14":0.0},"11":{"0":0.0000098178,"1":0.0000098178,"2":1.0000098178,"3":1.0000098178,"4":1.0000098178,"5":0.0000196378,"6":1.0000098178,"7":0.0000098178,"8":0.9999999979,"9":1.0000098178,"10":1.0000098178,"11":0.0,"12":0.0,"13":0.0,"14":0.0},"12":{"0":1.0,"1":1.0,"2":2.0,"3":2.0,"4":2.0,"5":1.00000982,"6":2.0,"7":1.0,"8":1.99999018,"9":2.0,"10":2.0,"11":1.0000098178,"12":0.0,"13":0.0,"14":0.0},"13":{"0":0.0,"1":0.0,"2":1.0,"3":1.0,"4":1.0,"5":0.00000982,"6":1.0,"7":0.0,"8":0.99999018,"9":1.0,"10":1.0,"11":0.0000098178,"12":1.0,"13":0.0,"14":0.0},"14":{"0":0.9999901822,"1":0.9999901822,"2":1.9999901822,"3":1.9999901822,"4":1.9999901822,"5":1.0000000021,"6":1.9999901822,"7":0.9999901822,"8":1.9999803622,"9":1.9999901822,"10":1.9999901822,"11":1.0,"12":1.9999901822,"13":0.9999901822,"14":0.0}}