{"0":{"0":0.9999999989,"1":0.000000001,"2":1.0,"3":0.000000001,"4":0.0000000011,"5":1.0,"6":0.9999999975,"7":0.000000001,"8":0.000000001,"9":0.000000001,"10":0.9999999974,"11":1.0,"12":0.000000001,"13":0.000000001,"14":0.000000001}}