{"0":{"0":0.9999999989,"1":0.000000001,"2":0.000000001,"3":1.0,"4":0.0000000011,"5":0.000000001,"6":0.9999999974,"7":0.0000000011,"8":0.0000000011,"9":1.0,"10":1.0,"11":0.9999999974,"12":0.000000001,"13":0.000000001,"14":0.000000001,"15":1.0,"16":0.9999999973,"17":0.000000001,"18":0.0000000011,"19":0.000000001}}