{"0":{"0":0.0,"1":1.0000000021,"2":1.0000000021,"3":0.0000000031,"4":1.000000002,"5":1.0000000021,"6":0.0000000063,"7":1.0000000021,"8":1.0000000021,"9":0.0000000031,"10":0.0000000031,"11":0.0000000062,"12":1.0000000021,"13":1.0000000021,"14":1.0000000021,"15":0.0000000031,"16":0.0000000063,"17":1.0000000021,"18":1.000000002,"19":1.0000000021},"1":{"0":1.0000000021,"1":0.0,"2":1.999999998,"3":0.999999999,"4":1.9999999979,"5":1.999999998,"6":1.0000000021,"7":1.9999999979,"8":1.9999999979,"9":0.999999999,"10":0.999999999,"11":1.0000000021,"12":1.999999998,"13":1.999999998,"14":1.999999998,"15":0.999999999,"16":1.0000000022,"17":1.999999998,"18":1.9999999979,"19":1.999999998},"2":{"0":1.0000000021,"1":1.999999998,"2":0.0,"3":0.999999999,"4":1.9999999979,"5":1.999999998,"6":1.0000000021,"7":1.9999999979,"8":1.9999999979,"9":0.999999999,"10":0.999999999,"11":1.0000000021,"12":1.999999998,"13":1.9999999979,"14":1.999999998,"15":0.999999999,"16":1.0000000022,"17":1.999999998,"18":1.9999999978,"19":1.9999999979},"3":{"0":0.0000000031,"1":0.999999999,"2":0.999999999,"3":0.0,"4":0.9999999989,"5":0.999999999,"6":0.0000000031,"7":0.9999999989,"8":0.9999999989,"9":0.0,"10":0.0,"11":0.0000000031,"12":0.999999999,"13":0.999999999,"14":0.999999999,"15":0.0,"16":0.0000000032,"17":0.999999999,"18":0.9999999989,"19":0.999999999},"4":{"0":1.000000002,"1":1.9999999979,"2":1.9999999979,"3":0.9999999989,"4":0.0,"5":1.9999999979,"6":1.000000002,"7":1.9999999978,"8":1.9999999978,"9":0.9999999989,"10":0.9999999989,"11":1.000000002,"12":1.9999999979,"13":1.9999999979,"14":1.9999999979,"15":0.9999999989,"16":1.0000000021,"17":1.9999999979,"18":1.9999999978,"19":1.9999999979},"5":{"0":1.0000000021,"1":1.999999998,"2":1.999999998,"3":0.999999999,"4":1.9999999979,"5":0.0,"6":1.0000000021,"7":1.9999999979,"8":1.9999999979,"9":0.999999999,"10":0.999999999,"11":1.0000000021,"12":1.999999998,"13":1.9999999979,"14":1.999999998,"15":0.999999999,"16":1.0000000022,"17":1.999999998,"18":1.9999999978,"19":1.999999998},"6":{"0":0.0000000063,"1":1.0000000021,"2":1.0000000021,"3":0.0000000031,"4":1.000000002,"5":1.0000000021,"6":0.0,"7":1.0000000021,"8":1.0000000021,"9":0.0000000031,"10":0.0000000031,"11":0.0000000062,"12":1.0000000021,"13":1.0000000021,"14":1.0000000021,"15":0.0000000031,"16":0.0000000063,"17":1.0000000021,"18":1.000000002,"19":1.0000000021},"7":{"0":1.0000000021,"1":1.9999999979,"2":1.9999999979,"3":0.9999999989,"4":1.9999999978,"5":1.9999999979,"6":1.0000000021,"7":0.0,"8":1.9999999979,"9":0.9999999989,"10":0.9999999989,"11":1.000000002,"12":1.9999999979,"13":1.9999999979,"14":1.9999999979,"15":0.9999999989,"16":1.0000000021,"17":1.9999999979,"18":1.9999999978,"19":1.9999999979},"8":{"0":1.0000000021,"1":1.9999999979,"2":1.9999999979,"3":0.9999999989,"4":1.9999999978,"5":1.9999999979,"6":1.0000000021,"7":1.9999999979,"8":0.0,"9":0.9999999989,"10":0.9999999989,"11":1.000000002,"12":1.9999999979,"13":1.9999999979,"14":1.9999999979,"15":0.9999999989,"16":1.0000000021,"17":1.9999999979,"18":1.9999999978,"19":1.9999999979},"9":{"0":0.0000000031,"1":0.999999999,"2":0.999999999,"3":0.0,"4":0.9999999989,"5":0.999999999,"6":0.0000000031,"7":0.9999999989,"8":0.9999999989,"9":0.0,"10":0.0,"11":0.0000000031,"12":0.999999999,"13":0.999999999,"14":0.999999999,"15":0.0,"16":0.0000000032,"17":0.999999999,"18":0.9999999989,"19":0.999999999},"10":{"0":0.0000000031,"1":0.999999999,"2":0.999999999,"3":0.0,"4":0.9999999989,"5":0.999999999,"6":0.0000000031,"7":0.9999999989,"8":0.9999999989,"9":0.0,"10":0.0,"11":0.0000000031,"12":0.999999999,"13":0.999999999,"14":0.999999999,"15":0.0,"16":0.0000000032,"17":0.999999999,"18":0.9999999989,"19":0.999999999},"11":{"0":0.0000000062,"1":1.0000000021,"2":1.0000000021,"3":0.0000000031,"4":1.000000002,"5":1.0000000021,"6":0.0000000062,"7":1.000000002,"8":1.000000002,"9":0.0000000031,"10":0.0000000031,"11":0.0,"12":1.0000000021,"13":1.000000002,"14":1.000000002,"15":0.0000000031,"16":0.0000000063,"17":1.0000000021,"18":1.0000000019,"19":1.000000002},"12":{"0":1.0000000021,"1":1.999999998,"2":1.999999998,"3":0.999999999,"4":1.9999999979,"5":1.999999998,"6":1.0000000021,"7":1.9999999979,"8":1.9999999979,"9":0.999999999,"10":0.999999999,"11":1.0000000021,"12":0.0,"13":1.999999998,"14":1.999999998,"15":0.999999999,"16":1.0000000022,"17":1.999999998,"18":1.9999999979,"19":1.999999998},"13":{"0":1.0000000021,"1":1.999999998,"2":1.9999999979,"3":0.999999999,"4":1.9999999979,"5":1.9999999979,"6":1.0000000021,"7":1.9999999979,"8":1.9999999979,"9":0.999999999,"10":0.999999999,"11":1.000000002,"12":1.999999998,"13":0.0,"14":1.9999999979,"15":0.999999999,"16":1.0000000021,"17":1.9999999979,"18":1.9999999978,"19":1.9999999979},"14":{"0":1.0000000021,"1":1.999999998,"2":1.999999998,"3":0.999999999,"4":1.9999999979,"5":1.999999998,"6":1.0000000021,"7":1.9999999979,"8":1.9999999979,"9":0.999999999,"10":0.999999999,"11":1.000000002,"12":1.999999998,"13":1.9999999979,"14":0.0,"15":0.999999999,"16":1.0000000022,"17":1.999999998,"18":1.9999999978,"19":1.9999999979},"15":{"0":0.0000000031,"1":0.999999999,"2":0.999999999,"3":0.0,"4":0.9999999989,"5":0.999999999,"6":0.0000000031,"7":0.9999999989,"8":0.9999999989,"9":0.0,"10":0.0,"11":0.0000000031,"12":0.999999999,"13":0.999999999,"14":0.999999999,"15":0.0,"16":0.0000000032,"17":0.999999999,"18":0.9999999989,"19":0.999999999},"16":{"0":0.0000000063,"1":1.0000000022,"2":1.0000000022,"3":0.0000000032,"4":1.0000000021,"5":1.0000000022,"6":0.0000000063,"7":1.0000000021,"8":1.0000000021,"9":0.0000000032,"10":0.0000000032,"11":0.0000000063,"12":1.0000000022,"13":1.0000000021,"14":1.0000000022,"15":0.0000000032,"16":0.0,"17":1.0000000022,"18":1.000000002,"19":1.0000000021},"17":{"0":1.0000000021,"1":1.999999998,"2":1.999999998,"3":0.999999999,"4":1.9999999979,"5":1.999999998,"6":1.0000000021,"7":1.9999999979,"8":1.9999999979,"9":0.999999999,"10":0.999999999,"11":1.0000000021,"12":1.999999998,"13":1.9999999979,"14":1.999999998,"15":0.999999999,"16":1.0000000022,"17":0.0,"18":1.9999999979,"19":1.999999998},"18":{"0":1.000000002,"1":1.9999999979,"2":1.9999999978,"3":0.9999999989,"4":1.9999999978,"5":1.9999999978,"6":1.000000002,"7":1.9999999978,"8":1.9999999978,"9":0.9999999989,"10":0.9999999989,"11":1.0000000019,"12":1.9999999979,"13":1.9999999978,"14":1.9999999978,"15":0.9999999989,"16":1.000000002,"17":1.9999999979,"18":0.0,"19":1.9999999978},"19":{"0":1.0000000021,"1":1.999999998,"2":1.9999999979,"3":0.999999999,"4":1.9999999979,"5":1.999999998,"6":1.0000000021,"7":1.9999999979,"8":1.9999999979,"9":0.999999999,"10":0.999999999,"11":1.000000002,"12":1.999999998,"13":1.9999999979,"14":1.9999999979,"15":0.999999999,"16":1.0000000021,"17":1.999999998,"18":1.9999999978,"19":0.0}}