{"0":{"0":0.0523912913,"1":0.032999923,"2":0.9972453239,"3":0.9957036721,"4":1.0410405776,"5":0.0182604382,"6":0.0074455458,"7":0.9922672873,"8":1.0272322163,"9":1.0145717235,"10":0.05501234,"11":0.0263048059,"12":1.0226463401,"13":1.0000159474,"14":1.0452153624,"15":0.0711770605,"16":0.07724826,"17":1.0090556556,"18":1.028530104,"19":1.1034801609}}