{"0":{"0":0.0,"1":0.0,"2":0.0,"3":0.0600718195,"4":0.0,"5":0.0,"6":0.0,"7":0.1318446705,"8":0.0761988177,"9":0.0,"10":0.0,"11":0.0,"12":0.0,"13":0.0,"14":0.0,"15":0.1485753892,"16":0.0,"17":0.0405506405,"18":0.0,"19":0.0,"20":0.0848980627,"21":0.0,"22":0.0,"23":0.0}}