{"0":{"0":0.0062725715,"1":0.9974671152,"2":1.0208384362,"3":0.0263975566,"4":1.0955538343,"5":1.0120309801,"6":0.0102468243,"7":1.0613518201,"8":1.0635290279,"9":0.0263389134,"10":0.005275089,"11":0.0073095812,"12":1.0005389714,"13":1.0457926114,"14":1.026433907,"15":0.0705784013,"16":0.0232351536,"17":1.0058946031,"18":1.1391268635,"19":1.0329346517}}