{"0":{"0":0.0448586678,"1":0.0446518831,"2":0.9673951986,"3":1.0047996145,"4":1.0204310388,"5":0.0,"6":0.0317735791,"7":1.0676301704,"8":1.0335207566,"9":1.0276121292,"10":0.0,"11":0.0158687072,"12":1.0000913675,"13":1.0721508157,"14":1.0064882925,"15":0.0249349097,"16":0.0675333599,"17":1.0162126372,"18":1.0220369168,"19":1.0452894044}}