{"0":{"0":0.0000001168,"1":0.9999998782,"2":0.0000000757,"3":0.9999999253,"4":0.0000001288,"5":0.9999998662,"6":0.9999998782,"7":0.0000001168,"8":0.9999998902,"9":0.0000001048}}