{"0":{"0":0.0288742584,"1":0.0069068467,"2":0.9965700072,"3":0.9916477084,"4":1.0299123816,"5":0.0,"6":0.0,"7":1.0258237166,"8":1.0589150474,"9":1.0172713621,"10":0.0279716628,"11":0.0,"12":1.0271264542,"13":1.0573545562,"14":1.0128471733,"15":0.0173411862,"16":0.0,"17":1.0302143255,"18":1.0042748758,"19":1.0903835523}}