{"0":{"0":0.0240391077,"1":0.0069068436,"2":0.9965700072,"3":1.0146720197,"4":0.9865048232,"5":0.0621443419,"6":0.0056648791,"7":1.0258237166,"8":1.0589150474,"9":1.0606789205,"10":0.0049473515,"11":0.00021727,"12":1.0271264542,"13":1.0571372862,"14":1.031063469}}