{"0":{"0":0.0,"1":0.0,"2":0.0,"3":0.0,"4":0.0780318397,"5":0.0,"6":0.0,"7":0.1308941889,"8":0.0,"9":0.0,"10":0.0,"11":0.0,"12":0.0,"13":0.0633146081,"14":0.0,"15":0.2620873511,"16":0.0,"17":0.0,"18":0.0,"19":0.0,"20":0.0,"21":0.0,"22":0.0,"23":0.0250021137,"24":0.0}}