{"0":{"0":0.0,"1":0.000000003,"2":0.999999999,"3":0.999999999,"4":0.999999999,"5":0.0,"6":0.0000000031,"7":0.999999999,"8":0.9999999989,"9":0.999999999,"10":0.0,"11":0.0000000031,"12":0.999999999,"13":0.9999999989,"14":0.999999999,"15":0.0,"16":0.0000000031,"17":0.999999999,"18":0.999999999,"19":0.9999999989},"1":{"0":0.000000003,"1":0.0,"2":1.000000002,"3":1.000000002,"4":1.000000002,"5":0.000000003,"6":0.0000000061,"7":1.000000002,"8":1.000000002,"9":1.000000002,"10":0.000000003,"11":0.0000000061,"12":1.000000002,"13":1.000000002,"14":1.000000002,"15":0.000000003,"16":0.0000000061,"17":1.000000002,"18":1.000000002,"19":1.0000000019},"2":{"0":0.999999999,"1":1.000000002,"2":0.0,"3":1.999999998,"4":1.999999998,"5":0.999999999,"6":1.0000000021,"7":1.999999998,"8":1.9999999979,"9":1.999999998,"10":0.999999999,"11":1.0000000021,"12":1.999999998,"13":1.9999999979,"14":1.999999998,"15":0.999999999,"16":1.0000000021,"17":1.999999998,"18":1.999999998,"19":1.9999999979},"3":{"0":0.999999999,"1":1.000000002,"2":1.999999998,"3":0.0,"4":1.999999998,"5":0.999999999,"6":1.0000000021,"7":1.999999998,"8":1.9999999979,"9":1.999999998,"10":0.999999999,"11":1.0000000021,"12":1.999999998,"13":1.999999998,"14":1.999999998,"15":0.999999999,"16":1.0000000021,"17":1.999999998,"18":1.999999998,"19":1.9999999979},"4":{"0":0.999999999,"1":1.000000002,"2":1.999999998,"3":1.999999998,"4":0.0,"5":0.999999999,"6":1.0000000021,"7":1.9999999979,"8":1.9999999979,"9":1.999999998,"10":0.999999999,"11":1.0000000021,"12":1.9999999979,"13":1.9999999979,"14":1.999999998,"15":0.999999999,"16":1.0000000021,"17":1.9999999979,"18":1.999999998,"19":1.9999999979},"5":{"0":0.0,"1":0.000000003,"2":0.999999999,"3":0.999999999,"4":0.999999999,"5":0.0,"6":0.0000000031,"7":0.999999999,"8":0.9999999989,"9":0.999999999,"10":0.0,"11":0.0000000031,"12":0.999999999,"13":0.9999999989,"14":0.999999999,"15":0.0,"16":0.0000000031,"17":0.999999999,"18":0.999999999,"19":0.9999999989},"6":{"0":0.0000000031,"1":0.0000000061,"2":1.0000000021,"3":1.0000000021,"4":1.0000000021,"5":0.0000000031,"6":0.0,"7":1.0000000021,"8":1.000000002,"9":1.0000000021,"10":0.0000000031,"11":0.0000000062,"12":1.0000000021,"13":1.000000002,"14":1.0000000021,"15":0.0000000031,"16":0.0000000062,"17":1.0000000021,"18":1.0000000021,"19":1.000000002},"7":{"0":0.999999999,"1":1.000000002,"2":1.999999998,"3":1.999999998,"4":1.9999999979,"5":0.999999999,"6":1.0000000021,"7":0.0,"8":1.9999999979,"9":1.999999998,"10":0.999999999,"11":1.0000000021,"12":1.9999999979,"13":1.9999999979,"14":1.999999998,"15":0.999999999,"16":1.0000000021,"17":1.9999999979,"18":1.999999998,"19":1.9999999979},"8":{"0":0.9999999989,"1":1.000000002,"2":1.9999999979,"3":1.9999999979,"4":1.9999999979,"5":0.9999999989,"6":1.000000002,"7":1.9999999979,"8":0.0,"9":1.9999999979,"10":0.9999999989,"11":1.000000002,"12":1.9999999979,"13":1.9999999979,"14":1.9999999979,"15":0.9999999989,"16":1.0000000021,"17":1.9999999979,"18":1.9999999979,"19":1.9999999979},"9":{"0":0.999999999,"1":1.000000002,"2":1.999999998,"3":1.999999998,"4":1.999999998,"5":0.999999999,"6":1.0000000021,"7":1.999999998,"8":1.9999999979,"9":0.0,"10":0.999999999,"11":1.0000000021,"12":1.999999998,"13":1.9999999979,"14":1.999999998,"15":0.999999999,"16":1.0000000021,"17":1.999999998,"18":1.999999998,"19":1.9999999979},"10":{"0":0.0,"1":0.000000003,"2":0.999999999,"3":0.999999999,"4":0.999999999,"5":0.0,"6":0.0000000031,"7":0.999999999,"8":0.9999999989,"9":0.999999999,"10":0.0,"11":0.0000000031,"12":0.999999999,"13":0.9999999989,"14":0.999999999,"15":0.0,"16":0.0000000031,"17":0.999999999,"18":0.999999999,"19":0.9999999989},"11":{"0":0.0000000031,"1":0.0000000061,"2":1.0000000021,"3":1.0000000021,"4":1.0000000021,"5":0.0000000031,"6":0.0000000062,"7":1.0000000021,"8":1.000000002,"9":1.0000000021,"10":0.0000000031,"11":0.0,"12":1.0000000021,"13":1.000000002,"14":1.0000000021,"15":0.0000000031,"16":0.0000000062,"17":1.0000000021,"18":1.0000000021,"19":1.000000002},"12":{"0":0.999999999,"1":1.000000002,"2":1.999999998,"3":1.999999998,"4":1.9999999979,"5":0.999999999,"6":1.0000000021,"7":1.9999999979,"8":1.9999999979,"9":1.999999998,"10":0.999999999,"11":1.0000000021,"12":0.0,"13":1.9999999979,"14":1.999999998,"15":0.999999999,"16":1.0000000021,"17":1.9999999979,"18":1.999999998,"19":1.9999999979},"13":{"0":0.9999999989,"1":1.000000002,"2":1.9999999979,"3":1.999999998,"4":1.9999999979,"5":0.9999999989,"6":1.000000002,"7":1.9999999979,"8":1.9999999979,"9":1.9999999979,"10":0.9999999989,"11":1.000000002,"12":1.9999999979,"13":0.0,"14":1.9999999979,"15":0.9999999989,"16":1.0000000021,"17":1.9999999979,"18":1.9999999979,"19":1.9999999979},"14":{"0":0.999999999,"1":1.000000002,"2":1.999999998,"3":1.999999998,"4":1.999999998,"5":0.999999999,"6":1.0000000021,"7":1.999999998,"8":1.9999999979,"9":1.999999998,"10":0.999999999,"11":1.0000000021,"12":1.999999998,"13":1.9999999979,"14":0.0,"15":0.999999999,"16":1.0000000021,"17":1.999999998,"18":1.999999998,"19":1.9999999979},"15":{"0":0.0,"1":0.000000003,"2":0.999999999,"3":0.999999999,"4":0.999999999,"5":0.0,"6":0.0000000031,"7":0.999999999,"8":0.9999999989,"9":0.999999999,"10":0.0,"11":0.0000000031,"12":0.999999999,"13":0.9999999989,"14":0.999999999,"15":0.0,"16":0.0000000031,"17":0.999999999,"18":0.999999999,"19":0.9999999989},"16":{"0":0.0000000031,"1":0.0000000061,"2":1.0000000021,"3":1.0000000021,"4":1.0000000021,"5":0.0000000031,"6":0.0000000062,"7":1.0000000021,"8":1.0000000021,"9":1.0000000021,"10":0.0000000031,"11":0.0000000062,"12":1.0000000021,"13":1.0000000021,"14":1.0000000021,"15":0.0000000031,"16":0.0,"17":1.0000000021,"18":1.0000000021,"19":1.000000002},"17":{"0":0.999999999,"1":1.000000002,"2":1.999999998,"3":1.999999998,"4":1.9999999979,"5":0.999999999,"6":1.0000000021,"7":1.9999999979,"8":1.9999999979,"9":1.999999998,"10":0.999999999,"11":1.0000000021,"12":1.9999999979,"13":1.9999999979,"14":1.999999998,"15":0.999999999,"16":1.0000000021,"17":0.0,"18":1.999999998,"19":1.9999999979},"18":{"0":0.999999999,"1":1.000000002,"2":1.999999998,"3":1.999999998,"4":1.999999998,"5":0.999999999,"6":1.0000000021,"7":1.999999998,"8":1.9999999979,"9":1.999999998,"10":0.999999999,"11":1.0000000021,"12":1.999999998,"13":1.9999999979,"14":1.999999998,"15":0.999999999,"16":1.0000000021,"17":1.999999998,"18":0.0,"19":1.9999999979},"19":{"0":0.9999999989,"1":1.0000000019,"2":1.9999999979,"3":1.9999999979,"4":1.9999999979,"5":0.9999999989,"6":1.000000002,"7":1.9999999979,"8":1.9999999979,"9":1.9999999979,"10":0.9999999989,"11":1.000000002,"12":1.9999999979,"13":1.9999999979,"14":1.9999999979,"15":0.9999999989,"16":1.000000002,"17":1.9999999979,"18":1.9999999979,"19":0.0}}