{"0":{"0":0.0062725704,"1":0.9974671152,"2":1.0208384362,"3":0.0263975566,"4":1.0881050387,"5":0.0268367796,"6":0.0102468212,"7":1.0672464263,"8":0.063529029,"9":0.0263389155,"10":1.0427181887,"11":1.0073095771,"12":0.0005389745,"13":0.053241408,"14":1.026433907,"15":1.055772604,"16":0.0232351504,"17":0.0,"18":1.1016837628,"19":1.0329346517}}