{"0":{"0":0.0,"1":1.000000001,"2":1.000000001,"3":0.000000002,"4":1.0000000009,"5":0.0000000042,"6":0.000000002,"7":1.000000001,"8":0.000000002,"9":0.0000000041,"10":1.000000001,"11":1.000000001,"12":0.0000000041,"13":0.000000002,"14":1.000000001,"15":1.000000001,"16":0.000000002,"17":0.0000000042,"18":1.0000000009,"19":1.000000001},"1":{"0":1.000000001,"1":0.0,"2":1.999999998,"3":0.999999999,"4":1.9999999979,"5":1.0000000012,"6":0.999999999,"7":1.9999999979,"8":0.999999999,"9":1.0000000011,"10":1.999999998,"11":1.999999998,"12":1.0000000011,"13":0.999999999,"14":1.999999998,"15":1.9999999979,"16":0.999999999,"17":1.0000000011,"18":1.9999999979,"19":1.999999998},"2":{"0":1.000000001,"1":1.999999998,"2":0.0,"3":0.999999999,"4":1.9999999979,"5":1.0000000011,"6":0.999999999,"7":1.9999999979,"8":0.999999999,"9":1.000000001,"10":1.9999999979,"11":1.999999998,"12":1.0000000011,"13":0.999999999,"14":1.999999998,"15":1.9999999979,"16":0.999999999,"17":1.0000000011,"18":1.9999999979,"19":1.9999999979},"3":{"0":0.000000002,"1":0.999999999,"2":0.999999999,"3":0.0,"4":0.9999999989,"5":0.0000000022,"6":0.0,"7":0.9999999989,"8":0.0,"9":0.0000000021,"10":0.999999999,"11":0.999999999,"12":0.0000000021,"13":0.0,"14":0.999999999,"15":0.9999999989,"16":0.0,"17":0.0000000021,"18":0.9999999989,"19":0.999999999},"4":{"0":1.0000000009,"1":1.9999999979,"2":1.9999999979,"3":0.9999999989,"4":0.0,"5":1.0000000011,"6":0.9999999989,"7":1.9999999978,"8":0.9999999989,"9":1.000000001,"10":1.9999999979,"11":1.9999999979,"12":1.000000001,"13":0.9999999989,"14":1.9999999979,"15":1.9999999979,"16":0.9999999989,"17":1.000000001,"18":1.9999999978,"19":1.9999999979},"5":{"0":0.0000000042,"1":1.0000000012,"2":1.0000000011,"3":0.0000000022,"4":1.0000000011,"5":0.0,"6":0.0000000022,"7":1.0000000011,"8":0.0000000022,"9":0.0000000042,"10":1.0000000011,"11":1.0000000011,"12":0.0000000042,"13":0.0000000022,"14":1.0000000011,"15":1.0000000011,"16":0.0000000022,"17":0.0000000043,"18":1.0000000011,"19":1.0000000011},"6":{"0":0.000000002,"1":0.999999999,"2":0.999999999,"3":0.0,"4":0.9999999989,"5":0.0000000022,"6":0.0,"7":0.9999999989,"8":0.0,"9":0.0000000021,"10":0.999999999,"11":0.999999999,"12":0.0000000021,"13":0.0,"14":0.999999999,"15":0.9999999989,"16":0.0,"17":0.0000000021,"18":0.9999999989,"19":0.999999999},"7":{"0":1.000000001,"1":1.9999999979,"2":1.9999999979,"3":0.9999999989,"4":1.9999999978,"5":1.0000000011,"6":0.9999999989,"7":0.0,"8":0.9999999989,"9":1.000000001,"10":1.9999999979,"11":1.9999999979,"12":1.000000001,"13":0.9999999989,"14":1.9999999979,"15":1.9999999979,"16":0.9999999989,"17":1.0000000011,"18":1.9999999978,"19":1.9999999979},"8":{"0":0.000000002,"1":0.999999999,"2":0.999999999,"3":0.0,"4":0.9999999989,"5":0.0000000022,"6":0.0,"7":0.9999999989,"8":0.0,"9":0.0000000021,"10":0.999999999,"11":0.999999999,"12":0.0000000021,"13":0.0,"14":0.999999999,"15":0.9999999989,"16":0.0,"17":0.0000000021,"18":0.9999999989,"19":0.999999999},"9":{"0":0.0000000041,"1":1.0000000011,"2":1.000000001,"3":0.0000000021,"4":1.000000001,"5":0.0000000042,"6":0.0000000021,"7":1.000000001,"8":0.0000000021,"9":0.0,"10":1.000000001,"11":1.000000001,"12":0.0000000041,"13":0.0000000021,"14":1.000000001,"15":1.000000001,"16":0.0000000021,"17":0.0000000042,"18":1.0000000009,"19":1.000000001},"10":{"0":1.000000001,"1":1.999999998,"2":1.9999999979,"3":0.999999999,"4":1.9999999979,"5":1.0000000011,"6":0.999999999,"7":1.9999999979,"8":0.999999999,"9":1.000000001,"10":0.0,"11":1.9999999979,"12":1.000000001,"13":0.999999999,"14":1.9999999979,"15":1.9999999979,"16":0.999999999,"17":1.0000000011,"18":1.9999999979,"19":1.9999999979},"11":{"0":1.000000001,"1":1.999999998,"2":1.999999998,"3":0.999999999,"4":1.9999999979,"5":1.0000000011,"6":0.999999999,"7":1.9999999979,"8":0.999999999,"9":1.000000001,"10":1.9999999979,"11":0.0,"12":1.0000000011,"13":0.999999999,"14":1.999999998,"15":1.9999999979,"16":0.999999999,"17":1.0000000011,"18":1.9999999979,"19":1.999999998},"12":{"0":0.0000000041,"1":1.0000000011,"2":1.0000000011,"3":0.0000000021,"4":1.000000001,"5":0.0000000042,"6":0.0000000021,"7":1.000000001,"8":0.0000000021,"9":0.0000000041,"10":1.000000001,"11":1.0000000011,"12":0.0,"13":0.0000000021,"14":1.0000000011,"15":1.000000001,"16":0.0000000021,"17":0.0000000042,"18":1.000000001,"19":1.000000001},"13":{"0":0.000000002,"1":0.999999999,"2":0.999999999,"3":0.0,"4":0.9999999989,"5":0.0000000022,"6":0.0,"7":0.9999999989,"8":0.0,"9":0.0000000021,"10":0.999999999,"11":0.999999999,"12":0.0000000021,"13":0.0,"14":0.999999999,"15":0.9999999989,"16":0.0,"17":0.0000000021,"18":0.9999999989,"19":0.999999999},"14":{"0":1.000000001,"1":1.999999998,"2":1.999999998,"3":0.999999999,"4":1.9999999979,"5":1.0000000011,"6":0.999999999,"7":1.9999999979,"8":0.999999999,"9":1.000000001,"10":1.9999999979,"11":1.999999998,"12":1.0000000011,"13":0.999999999,"14":0.0,"15":1.9999999979,"16":0.999999999,"17":1.0000000011,"18":1.9999999979,"19":1.9999999979},"15":{"0":1.000000001,"1":1.9999999979,"2":1.9999999979,"3":0.9999999989,"4":1.9999999979,"5":1.0000000011,"6":0.9999999989,"7":1.9999999979,"8":0.9999999989,"9":1.000000001,"10":1.9999999979,"11":1.9999999979,"12":1.000000001,"13":0.9999999989,"14":1.9999999979,"15":0.0,"16":0.9999999989,"17":1.0000000011,"18":1.9999999978,"19":1.9999999979},"16":{"0":0.000000002,"1":0.999999999,"2":0.999999999,"3":0.0,"4":0.9999999989,"5":0.0000000022,"6":0.0,"7":0.9999999989,"8":0.0,"9":0.0000000021,"10":0.999999999,"11":0.999999999,"12":0.0000000021,"13":0.0,"14":0.999999999,"15":0.9999999989,"16":0.0,"17":0.0000000021,"18":0.9999999989,"19":0.999999999},"17":{"0":0.0000000042,"1":1.0000000011,"2":1.0000000011,"3":0.0000000021,"4":1.000000001,"5":0.0000000043,"6":0.0000000021,"7":1.0000000011,"8":0.0000000021,"9":0.0000000042,"10":1.0000000011,"11":1.0000000011,"12":0.0000000042,"13":0.0000000021,"14":1.0000000011,"15":1.0000000011,"16":0.0000000021,"17":0.0,"18":1.000000001,"19":1.0000000011},"18":{"0":1.0000000009,"1":1.9999999979,"2":1.9999999979,"3":0.9999999989,"4":1.9999999978,"5":1.0000000011,"6":0.9999999989,"7":1.9999999978,"8":0.9999999989,"9":1.0000000009,"10":1.9999999979,"11":1.9999999979,"12":1.000000001,"13":0.9999999989,"14":1.9999999979,"15":1.9999999978,"16":0.9999999989,"17":1.000000001,"18":0.0,"19":1.9999999979},"19":{"0":1.000000001,"1":1.999999998,"2":1.9999999979,"3":0.999999999,"4":1.9999999979,"5":1.0000000011,"6":0.999999999,"7":1.9999999979,"8":0.999999999,"9":1.000000001,"10":1.9999999979,"11":1.999999998,"12":1.000000001,"13":0.999999999,"14":1.9999999979,"15":1.9999999979,"16":0.999999999,"17":1.0000000011,"18":1.9999999979,"19":0.0}}