{"0":{"0":0.0100208825,"1":0.004853632,"2":1.0374449595,"3":1.0197514952,"4":0.0348092344,"5":0.0155148218,"6":1.1184372217,"7":1.0444338365,"8":0.0568700961,"9":0.0,"10":1.0582257494,"11":1.0146918686,"12":0.0155954233,"13":0.0121523181,"14":1.0359138851,"15":1.0573348927,"16":0.132834787,"17":0.0202829015,"18":1.0002240019,"19":1.0127391004}}