{"0":{"0":0.000000001,"1":0.000000001,"2":1.0,"3":1.0,"4":1.0,"5":0.9999999984,"6":0.0000000011,"7":0.000000001,"8":0.9999999985,"9":1.0,"10":0.000000001,"11":0.000000001,"12":1.0,"13":0.9999999985,"14":0.000000001,"15":0.000000001,"16":1.0,"17":0.9999999984,"18":0.0000000011,"19":0.000000001}}