{"0":{"0":0.9746163752,"1":1.0422067244,"2":0.024921389,"3":0.0017752586,"4":0.066506458,"5":0.0301125084,"6":1.0963659175,"7":1.0088518555,"8":0.013198687,"9":0.0000999271,"10":0.9968293781,"11":1.0153026874,"12":0.000352295,"13":0.0072471159,"14":1.0013497818,"15":1.023895758,"16":0.0202237433,"17":0.0232782152,"18":1.0779587584,"19":1.0274921213}}