{"0":{"0":0.0051758358,"1":0.0,"2":0.0,"3":0.0496510446,"4":0.0,"5":0.0,"6":0.0,"7":0.0,"8":0.1307842006,"9":0.0374450514,"10":0.0,"11":0.0,"12":0.0,"13":0.0,"14":0.276190712}}