{"0":{"0":0.0,"1":0.0000096087,"2":0.0,"3":1.0,"4":0.9999903933,"5":0.0,"6":1.0,"7":0.0,"8":1.0,"9":0.0,"10":0.9999900502,"11":0.0,"12":0.0000099503,"13":0.0,"14":1.0}}