{"0":{"0":0.0,"1":0.9608730579,"2":0.0,"3":0.0073859159,"4":0.1464799494,"5":0.0,"6":0.1389922377,"7":0.0,"8":0.0202135259,"9":0.0,"10":0.094892271,"11":0.0,"12":0.9950304561,"13":0.0,"14":0.0482794664}}