{"0":{"0":0.0,"1":0.0,"2":0.0,"3":0.0,"4":0.0,"5":0.0,"6":0.0,"7":0.0,"8":0.0,"9":0.0,"10":0.0,"11":0.0,"12":0.0,"13":0.0,"14":0.0},"1":{"0":1.9999903913,"1":0.0,"2":0.0,"3":0.0,"4":0.0,"5":0.0,"6":0.0,"7":0.0,"8":0.0,"9":0.0,"10":0.0,"11":0.0,"12":0.0,"13":0.0,"14":0.0},"2":{"0":2.0,"1":1.9999903913,"2":0.0,"3":0.0,"4":0.0,"5":0.0,"6":0.0,"7":0.0,"8":0.0,"9":0.0,"10":0.0,"11":0.0,"12":0.0,"13":0.0,"14":0.0},"3":{"0":1.0,"1":0.9999903913,"2":1.0,"3":0.0,"4":0.0,"5":0.0,"6":0.0,"7":0.0,"8":0.0,"9":0.0,"10":0.0,"11":0.0,"12":0.0,"13":0.0,"14":0.0},"4":{"0":1.0000096087,"1":1.0,"2":1.0000096087,"3":0.0000096087,"4":0.0,"5":0.0,"6":0.0,"7":0.0,"8":0.0,"9":0.0,"10":0.0,"11":0.0,"12":0.0,"13":0.0,"14":0.0},"5":{"0":2.0,"1":1.9999903913,"2":2.0,"3":1.0,"4":1.0000096087,"5":0.0,"6":0.0,"7":0.0,"8":0.0,"9":0.0,"10":0.0,"11":0.0,"12":0.0,"13":0.0,"14":0.0},"6":{"0":1.0,"1":0.9999903913,"2":1.0,"3":0.0,"4":0.0000096087,"5":1.0,"6":0.0,"7":0.0,"8":0.0,"9":0.0,"10":0.0,"11":0.0,"12":0.0,"13":0.0,"14":0.0},"7":{"0":2.0,"1":1.9999903913,"2":2.0,"3":1.0,"4":1.0000096087,"5":2.0,"6":1.0,"7":0.0,"8":0.0,"9":0.0,"10":0.0,"11":0.0,"12":0.0,"13":0.0,"14":0.0},"8":{"0":1.0,"1":0.9999903913,"2":1.0,"3":0.0,"4":0.0000096087,"5":1.0,"6":0.0,"7":1.0,"8":0.0,"9":0.0,"10":0.0,"11":0.0,"12":0.0,"13":0.0,"14":0.0},"9":{"0":2.0,"1":1.9999903913,"2":2.0,"3":1.0,"4":1.0000096087,"5":2.0,"6":1.0,"7":2.0,"8":1.0,"9":0.0,"10":0.0,"11":0.0,"12":0.0,"13":0.0,"14":0.0},"10":{"0":1.0000099503,"1":1.0000003416,"2":1.0000099503,"3":0.0000099503,"4":0.000019559,"5":1.0000099503,"6":0.0000099503,"7":1.0000099503,"8":0.0000099503,"9":1.0000099503,"10":0.0,"11":0.0,"12":0.0,"13":0.0,"14":0.0},"11":{"0":2.0,"1":1.9999903913,"2":2.0,"3":1.0,"4":1.0000096087,"5":2.0,"6":1.0,"7":2.0,"8":1.0,"9":2.0,"10":1.0000099503,"11":0.0,"12":0.0,"13":0.0,"14":0.0},"12":{"0":1.9999900497,"1":1.999980441,"2":1.9999900497,"3":0.9999900497,"4":0.9999996584,"5":1.9999900497,"6":0.9999900497,"7":1.9999900497,"8":0.9999900497,"9":1.9999900497,"10":1.0,"11":1.9999900497,"12":0.0,"13":0.0,"14":0.0},"13":{"0":2.0,"1":1.9999903913,"2":2.0,"3":1.0,"4":1.0000096087,"5":2.0,"6":1.0,"7":2.0,"8":1.0,"9":2.0,"10":1.0000099503,"11":2.0,"12":1.9999900497,"13":0.0,"14":0.0},"14":{"0":1.0,"1":0.9999903913,"2":1.0,"3":0.0,"4":0.0000096087,"5":1.0,"6":0.0,"7":1.0,"8":0.0,"9":1.0,"10":0.0000099503,"11":1.0,"12":0.9999900497,"13":1.0,"14":0.0}}