{"0":{"0":1.0,"1":0.000000001,"2":0.000000001,"3":1.0,"4":0.0000000011,"5":0.9999999983,"6":1.0,"7":0.0000000011,"8":1.0,"9":0.9999999984,"10":0.000000001,"11":0.000000001,"12":0.9999999984,"13":1.0,"14":0.000000001,"15":0.0000000011,"16":1.0,"17":0.9999999983,"18":0.0000000011,"19":0.000000001}}