{"0":{"0":0.0426904883,"1":0.0251168629,"2":1.0096414555,"3":0.9957036721,"4":1.0313397747,"5":0.0058643066,"6":0.0074455458,"7":1.0018649088,"8":1.0175314133,"9":1.0145717235,"10":0.0646099615,"11":0.0263048059,"12":1.0226463401,"13":1.0078990075,"14":1.0356177409,"15":0.0711770605,"16":0.086949063,"17":1.0090556556,"18":1.0382309069,"19":1.1034801609,"20":0.0569635793,"21":0.0019337326,"22":1.0027679605,"23":1.020492724,"24":1.0101982347}}