{"0":{"0":1.0529987684,"1":0.9800717342,"2":0.099704835,"3":1.0234464283,"4":0.0009425187,"5":0.0,"6":0.0115776965,"7":1.0622027793,"8":1.0760102868,"9":1.0176103651,"10":0.0959958739,"11":0.0,"12":1.0368690429,"13":1.0228874926,"14":1.0124316169}}