{"0":{"0":1.022173388,"1":0.0029979321,"2":1.0235437296,"3":0.0184843001,"4":1.0294074082,"5":0.000057475,"6":0.0,"7":1.0003975634,"8":1.0583680939,"9":1.0322819768,"10":0.0091644062,"11":0.00790207,"12":1.0010702794,"13":1.0086376904,"14":1.0583280406,"15":0.1946459523,"16":0.0061146039,"17":0.9938992826,"18":1.0560716276,"19":1.0280912958}}