{"0":{"0":0.000000001,"1":0.9999999989,"2":0.000000001,"3":1.0,"4":0.000000001,"5":0.9999999974,"6":1.0,"7":0.000000001,"8":0.0000000011,"9":0.000000001,"10":0.9999999974,"11":1.0,"12":0.000000001,"13":0.000000001,"14":0.0000000011,"15":1.0,"16":0.9999999974,"17":0.000000001,"18":0.0000000011,"19":0.000000001}}