{"0":{"0":0.0216574378,"1":0.9964435687,"2":0.088474942,"3":1.0083402986,"4":1.0160486473,"5":1.0131163299,"6":1.0115776923,"7":1.0622027793,"8":0.0259364281,"9":0.0176103723,"10":1.1354367686,"11":1.011229892,"12":0.9974281471,"13":1.0097711617,"14":1.0275377465,"15":1.0099455238,"16":0.0022216854,"17":0.0085681267,"18":1.0366834933,"19":1.0025117231,"20":1.0602046197,"21":1.0255969153,"22":1.0583536941,"23":1.0134504981}}