{"0":{"0":1.0,"1":0.000000001,"2":0.9999999951,"3":0.000000001,"4":0.000000001,"5":0.000000001,"6":0.000000001,"7":0.0000000011,"8":1.0,"9":0.9999999951,"10":0.0000000011,"11":0.000000001,"12":0.000000001,"13":0.000000001,"14":0.000000001,"15":0.000000001,"16":1.0,"17":0.9999999951,"18":0.000000001,"19":0.000000001,"20":0.0000000011,"21":0.000000001,"22":0.0000000011,"23":0.000000001}}