{"0":{"0":0.0153664564,"1":0.0380233141,"2":1.0004779733,"3":1.0397440197,"4":1.0326340565,"5":0.0231744848,"6":0.0229835163,"7":1.0323468083,"8":0.9771234811,"9":1.0146251446,"10":0.0452290836,"11":0.0174600435,"12":1.0275061745,"13":1.0464017946,"14":1.0157069988,"15":0.0144934096,"16":0.040236257,"17":1.1715658623,"18":1.0158906591,"19":1.0006335178,"20":0.0384413792,"21":0.0,"22":1.0222934152,"23":1.0280904176,"24":1.0301130179}}