{"0":{"0":1.0228088148,"1":1.0115541338,"2":0.0,"3":0.0178488764,"4":1.0294074082,"5":0.000057475,"6":0.0005440419,"7":1.0003975634,"8":1.0583680939,"9":0.9844757089,"10":0.0212975526,"11":0.007902073,"12":1.0016143213,"13":1.0086376904,"14":1.0577839987,"15":0.1941019135,"16":0.0061146009,"17":1.0417055505,"18":1.0554362009,"19":1.0159581464,"20":0.0257273703,"21":0.0129792803,"22":1.0083616361,"23":1.0009496512,"24":1.0328753773}}