{"0":{"0":0.000000001,"1":0.000000001,"2":1.0,"3":0.9999999989,"4":0.000000001,"5":0.9999999975,"6":1.0,"7":0.000000001,"8":0.0000000011,"9":0.000000001,"10":1.0,"11":0.9999999974,"12":0.000000001,"13":0.000000001,"14":0.0000000011,"15":0.9999999974,"16":1.0,"17":0.000000001,"18":0.0000000011,"19":0.000000001,"20":1.0,"21":0.9999999975,"22":0.000000001,"23":0.000000001,"24":0.000000001}}