{"0":{"0":0.0,"1":0.0,"2":0.0,"3":0.0,"4":0.0,"5":0.0,"6":0.0,"7":0.0,"8":0.0,"9":0.0,"10":0.0,"11":0.0,"12":0.0,"13":0.0,"14":0.0,"15":0.0,"16":0.0,"17":0.0},"1":{"0":2.0,"1":0.0,"2":0.0,"3":0.0,"4":0.0,"5":0.0,"6":0.0,"7":0.0,"8":0.0,"9":0.0,"10":0.0,"11":0.0,"12":0.0,"13":0.0,"14":0.0,"15":0.0,"16":0.0,"17":0.0},"2":{"0":2.0,"1":2.0,"2":0.0,"3":0.0,"4":0.0,"5":0.0,"6":0.0,"7":0.0,"8":0.0,"9":0.0,"10":0.0,"11":0.0,"12":0.0,"13":0.0,"14":0.0,"15":0.0,"16":0.0,"17":0.0},"3":{"0":2.0,"1":2.0,"2":2.0,"3":0.0,"4":0.0,"5":0.0,"6":0.0,"7":0.0,"8":0.0,"9":0.0,"10":0.0,"11":0.0,"12":0.0,"13":0.0,"14":0.0,"15":0.0,"16":0.0,"17":0.0},"4":{"0":1.0,"1":1.0,"2":1.0,"3":1.0,"4":0.0,"5":0.0,"6":0.0,"7":0.0,"8":0.0,"9":0.0,"10":0.0,"11":0.0,"12":0.0,"13":0.0,"14":0.0,"15":0.0,"16":0.0,"17":0.0},"5":{"0":2.0,"1":2.0,"2":2.0,"3":2.0,"4":1.0,"5":0.0,"6":0.0,"7":0.0,"8":0.0,"9":0.0,"10":0.0,"11":0.0,"12":0.0,"13":0.0,"14":0.0,"15":0.0,"16":0.0,"17":0.0},"6":{"0":1.9999999287,"1":1.9999999287,"2":1.9999999287,"3":1.9999999287,"4":0.9999999287,"5":1.9999999287,"6":0.0,"7":0.0,"8":0.0,"9":0.0,"10":0.0,"11":0.0,"12":0.0,"13":0.0,"14":0.0,"15":0.0,"16":0.0,"17":0.0},"7":{"0":2.0,"1":2.0,"2":2.0,"3":2.0,"4":1.0,"5":2.0,"6":1.9999999287,"7":0.0,"8":0.0,"9":0.0,"10":0.0,"11":0.0,"12":0.0,"13":0.0,"14":0.0,"15":0.0,"16":0.0,"17":0.0},"8":{"0":1.0000000736,"1":1.0000000736,"2":1.0000000736,"3":1.0000000736,"4":0.0000000736,"5":1.0000000736,"6":1.0000000022,"7":1.0000000736,"8":0.0,"9":0.0,"10":0.0,"11":0.0,"12":0.0,"13":0.0,"14":0.0,"15":0.0,"16":0.0,"17":0.0},"9":{"0":2.0,"1":2.0,"2":2.0,"3":2.0,"4":1.0,"5":2.0,"6":1.9999999287,"7":2.0,"8":1.0000000736,"9":0.0,"10":0.0,"11":0.0,"12":0.0,"13":0.0,"14":0.0,"15":0.0,"16":0.0,"17":0.0},"10":{"0":2.0,"1":2.0,"2":2.0,"3":2.0,"4":1.0,"5":2.0,"6":1.9999999287,"7":2.0,"8":1.0000000736,"9":2.0,"10":0.0,"11":0.0,"12":0.0,"13":0.0,"14":0.0,"15":0.0,"16":0.0,"17":0.0},"11":{"0":2.0,"1":2.0,"2":2.0,"3":2.0,"4":1.0,"5":2.0,"6":1.9999999287,"7":2.0,"8":1.0000000736,"9":2.0,"10":2.0,"11":0.0,"12":0.0,"13":0.0,"14":0.0,"15":0.0,"16":0.0,"17":0.0},"12":{"0":2.0,"1":2.0,"2":2.0,"3":2.0,"4":1.0,"5":2.0,"6":1.9999999287,"7":2.0,"8":1.0000000736,"9":2.0,"10":2.0,"11":2.0,"12":0.0,"13":0.0,"14":0.0,"15":0.0,"16":0.0,"17":0.0},"13":{"0":2.0,"1":2.0,"2":2.0,"3":2.0,"4":1.0,"5":2.0,"6":1.9999999287,"7":2.0,"8":1.0000000736,"9":2.0,"10":2.0,"11":2.0,"12":2.0,"13":0.0,"14":0.0,"15":0.0,"16":0.0,"17":0.0},"14":{"0":2.0,"1":2.0,"2":2.0,"3":2.0,"4":1.0,"5":2.0,"6":1.9999999287,"7":2.0,"8":1.0000000736,"9":2.0,"10":2.0,"11":2.0,"12":2.0,"13":2.0,"14":0.0,"15":0.0,"16":0.0,"17":0.0},"15":{"0":1.0,"1":1.0,"2":1.0,"3":1.0,"4":0.0,"5":1.0,"6":0.9999999287,"7":1.0,"8":0.0000000736,"9":1.0,"10":1.0,"11":1.0,"12":1.0,"13":1.0,"14":1.0,"15":0.0,"16":0.0,"17":0.0},"16":{"0":2.0,"1":2.0,"2":2.0,"3":2.0,"4":1.0,"5":2.0,"6":1.9999999287,"7":2.0,"8":1.0000000736,"9":2.0,"10":2.0,"11":2.0,"12":2.0,"13":2.0,"14":2.0,"15":1.0,"16":0.0,"17":0.0},"17":{"0":2.0,"1":2.0,"2":2.0,"3":2.0,"4":1.0,"5":2.0,"6":1.9999999287,"7":2.0,"8":1.0000000736,"9":2.0,"10":2.0,"11":2.0,"12":2.0,"13":2.0,"14":2.0,"15":1.0,"16":2.0,"17":0.0}}