{"0":{"0":0.0,"1":0.0000002374,"2":-0.000000002,"3":-0.000000002,"4":-0.000000002,"5":-0.000000002},"1":{"0":0.0000002374,"1":0.0,"2":-0.000000002,"3":999999998.2464216948,"4":-0.000000002,"5":999999998.2464216948},"2":{"0":-0.000000002,"1":-0.000000002,"2":0.0,"3":0.0000002374,"4":-0.000000002,"5":-0.000000002},"3":{"0":-0.000000002,"1":999999998.2464216948,"2":0.0000002374,"3":0.0,"4":-0.000000002,"5":999999998.2464216948},"4":{"0":-0.000000002,"1":-0.000000002,"2":-0.000000002,"3":-0.000000002,"4":0.0,"5":0.0000002374},"5":{"0":-0.000000002,"1":999999998.2464216948,"2":-0.000000002,"3":999999998.2464216948,"4":0.0000002374,"5":0.0}}