{"0":{"0":0.0,"1":0.0000002374,"2":1000000000.0,"3":-0.000000002,"4":1000000000.0,"5":-0.000000002},"1":{"0":0.0000002374,"1":0.0,"2":-0.000000002,"3":-0.000000002,"4":-0.000000002,"5":-0.000000002},"2":{"0":1000000000.0,"1":-0.000000002,"2":0.0,"3":0.0000002374,"4":1000000000.0,"5":-0.000000002},"3":{"0":-0.000000002,"1":-0.000000002,"2":0.0000002374,"3":0.0,"4":-0.000000002,"5":-0.000000002},"4":{"0":1000000000.0,"1":-0.000000002,"2":1000000000.0,"3":-0.000000002,"4":0.0,"5":0.0000002374},"5":{"0":-0.000000002,"1":-0.000000002,"2":-0.000000002,"3":-0.000000002,"4":0.0000002374,"5":0.0}}