{"0":{"0":1.7535783052,"1":753577469.7794196606,"2":1.7535783052,"3":915035485.221313715,"4":1.7535783052,"5":753577469.7794196606}}