{"0":{"0":0.0000000018,"1":1.0,"2":0.0000000018,"3":0.9999999983,"4":0.0000000018,"5":0.9999999982}}