{"0":{"0":0.0000000018,"1":0.7535774698,"2":0.0000000018,"3":0.9150354852,"4":0.0000000018,"5":0.7535774698}}