{"0":{"0":-0.2264611721,"1":0.0,"2":-0.4821834564,"3":0.0,"4":0.1759383678,"5":0.0}}