{"0":{"0":0.0,"1":2.37418579e-16,"2":-2.000000165e-18,"3":-2.000000165e-18,"4":-2.000000165e-18,"5":-2.000000165e-18},"1":{"0":2.37418579e-16,"1":0.0,"2":-2.000000165e-18,"3":0.9999999982,"4":-2.000000165e-18,"5":0.9999999982},"2":{"0":-2.000000165e-18,"1":-2.000000165e-18,"2":0.0,"3":2.37418579e-16,"4":-2.000000165e-18,"5":-2.000000165e-18},"3":{"0":-2.000000165e-18,"1":0.9999999982,"2":2.37418579e-16,"3":0.0,"4":-2.000000165e-18,"5":0.9999999982},"4":{"0":-2.000000165e-18,"1":-2.000000165e-18,"2":-2.000000165e-18,"3":-2.000000165e-18,"4":0.0,"5":2.37418579e-16},"5":{"0":-2.000000165e-18,"1":0.9999999982,"2":-2.000000165e-18,"3":0.9999999982,"4":2.37418579e-16,"5":0.0}}