{"0":{"0":0.0,"1":0.0,"2":0.1186871304,"3":0.0,"4":0.0,"5":0.0958275686,"6":0.0,"7":0.1069748072,"8":0.0,"9":0.0,"10":0.1064603087,"11":0.0,"12":0.0264046093,"13":0.0,"14":0.0}}