{"0":{"0":1.0165193917,"1":1.0094890339,"2":0.0164512432,"3":1.0124797659,"4":0.1020228325,"5":0.0338718834,"6":0.0,"7":1.0995921598,"8":1.056493922,"9":1.0144822467,"10":0.0497532957,"11":0.0191662469,"12":1.0049261654,"13":1.0393236173,"14":1.0403516966}}