{"0":{"0":0.000000001,"1":0.000000001,"2":1.0,"3":0.000000001,"4":0.999999999,"5":1.0,"6":0.9999999973,"7":0.0000000011,"8":0.0000000011,"9":0.000000001,"10":1.0,"11":0.9999999974,"12":0.000000001,"13":0.000000001,"14":0.000000001}}