{"0":{"0":0.9599683075,"1":1.0275586567,"2":0.0272132496,"3":0.0000005253,"4":1.0775986139,"5":0.0024849552,"6":0.0986577792,"7":1.0234999233,"8":1.0180906334,"9":1.0018746573,"10":0.0017213286,"11":0.0042105344,"12":0.9980604365,"13":1.0023551634,"14":0.9867017141,"15":0.0190038096,"16":0.0,"17":1.0209863544,"18":1.0926068261,"19":1.0011726115,"20":0.039548076,"21":0.0222803758,"22":1.0243248526,"23":1.0251522093,"24":1.035980829}}