{"0":{"0":0.0,"1":0.0,"2":0.026500481,"3":0.0,"4":0.0,"5":0.0204062111,"6":0.0,"7":0.0,"8":0.0380193558,"9":0.052630717,"10":0.0,"11":0.0,"12":0.0,"13":0.2514785828,"14":0.0}}