{"0":{"0":0.000000001,"1":0.000000001,"2":0.9999999989,"3":1.0,"4":0.0000000011,"5":1.0,"6":0.9999999975,"7":0.000000001,"8":0.000000001,"9":0.000000001,"10":1.0,"11":0.9999999975,"12":0.000000001,"13":0.000000001,"14":0.000000001,"15":1.0,"16":0.9999999974,"17":0.000000001,"18":0.0000000011,"19":0.000000001}}