{"0":{"0":1.0020311906,"1":1.044854632,"2":1.0303356569,"3":0.017451881,"4":0.0268195517,"5":1.0235045075,"6":0.9988117925,"7":1.0438806445,"8":0.0168690951,"9":0.0008106054,"10":1.0982267504,"11":1.0152450606,"12":1.0178950354,"13":1.0098527019,"14":1.0353606931,"15":1.0565242915,"16":0.0,"17":0.0273922083,"18":1.0082136907,"19":1.0150387155,"20":1.1134731327,"21":1.0646515821,"22":1.0174298052,"23":1.0196129852}}