{"0":{"0":0.0,"1":1.999999998,"2":1.999999998,"3":0.999999999,"4":1.0000000051,"5":1.999999998,"6":1.999999998,"7":1.999999998,"8":0.999999999,"9":1.0000000052,"10":1.9999999979,"11":1.999999998,"12":1.999999998,"13":1.999999998,"14":1.999999998,"15":1.9999999979,"16":0.999999999,"17":1.0000000052,"18":1.999999998,"19":1.999999998,"20":1.9999999979,"21":1.9999999979,"22":1.999999998,"23":1.999999998},"1":{"0":1.999999998,"1":0.0,"2":1.9999999979,"3":0.999999999,"4":1.0000000051,"5":1.9999999979,"6":1.999999998,"7":1.9999999979,"8":0.999999999,"9":1.0000000052,"10":1.9999999979,"11":1.9999999979,"12":1.9999999979,"13":1.9999999979,"14":1.9999999979,"15":1.9999999979,"16":0.999999999,"17":1.0000000052,"18":1.9999999979,"19":1.9999999979,"20":1.9999999978,"21":1.9999999979,"22":1.9999999979,"23":1.9999999979},"2":{"0":1.999999998,"1":1.9999999979,"2":0.0,"3":0.999999999,"4":1.0000000051,"5":1.9999999979,"6":1.999999998,"7":1.9999999979,"8":0.999999999,"9":1.0000000052,"10":1.9999999979,"11":1.999999998,"12":1.999999998,"13":1.999999998,"14":1.9999999979,"15":1.9999999979,"16":0.999999999,"17":1.0000000052,"18":1.999999998,"19":1.999999998,"20":1.9999999979,"21":1.9999999979,"22":1.999999998,"23":1.999999998},"3":{"0":0.999999999,"1":0.999999999,"2":0.999999999,"3":0.0,"4":0.0000000061,"5":0.999999999,"6":0.999999999,"7":0.999999999,"8":0.0,"9":0.0000000062,"10":0.9999999989,"11":0.999999999,"12":0.999999999,"13":0.999999999,"14":0.999999999,"15":0.9999999989,"16":0.0,"17":0.0000000062,"18":0.999999999,"19":0.999999999,"20":0.9999999989,"21":0.9999999989,"22":0.999999999,"23":0.999999999},"4":{"0":1.0000000051,"1":1.0000000051,"2":1.0000000051,"3":0.0000000061,"4":0.0,"5":1.0000000051,"6":1.0000000051,"7":1.0000000051,"8":0.0000000061,"9":0.0000000124,"10":1.000000005,"11":1.0000000051,"12":1.0000000051,"13":1.0000000051,"14":1.0000000051,"15":1.0000000051,"16":0.0000000061,"17":0.0000000124,"18":1.0000000051,"19":1.0000000051,"20":1.000000005,"21":1.0000000051,"22":1.0000000051,"23":1.0000000051},"5":{"0":1.999999998,"1":1.9999999979,"2":1.9999999979,"3":0.999999999,"4":1.0000000051,"5":0.0,"6":1.999999998,"7":1.9999999979,"8":0.999999999,"9":1.0000000052,"10":1.9999999979,"11":1.999999998,"12":1.999999998,"13":1.999999998,"14":1.9999999979,"15":1.9999999979,"16":0.999999999,"17":1.0000000052,"18":1.999999998,"19":1.999999998,"20":1.9999999979,"21":1.9999999979,"22":1.999999998,"23":1.999999998},"6":{"0":1.999999998,"1":1.999999998,"2":1.999999998,"3":0.999999999,"4":1.0000000051,"5":1.999999998,"6":0.0,"7":1.999999998,"8":0.999999999,"9":1.0000000052,"10":1.9999999979,"11":1.999999998,"12":1.999999998,"13":1.999999998,"14":1.999999998,"15":1.9999999979,"16":0.999999999,"17":1.0000000052,"18":1.999999998,"19":1.999999998,"20":1.9999999979,"21":1.9999999979,"22":1.999999998,"23":1.999999998},"7":{"0":1.999999998,"1":1.9999999979,"2":1.9999999979,"3":0.999999999,"4":1.0000000051,"5":1.9999999979,"6":1.999999998,"7":0.0,"8":0.999999999,"9":1.0000000052,"10":1.9999999979,"11":1.9999999979,"12":1.9999999979,"13":1.9999999979,"14":1.9999999979,"15":1.9999999979,"16":0.999999999,"17":1.0000000052,"18":1.9999999979,"19":1.9999999979,"20":1.9999999978,"21":1.9999999979,"22":1.9999999979,"23":1.9999999979},"8":{"0":0.999999999,"1":0.999999999,"2":0.999999999,"3":0.0,"4":0.0000000061,"5":0.999999999,"6":0.999999999,"7":0.999999999,"8":0.0,"9":0.0000000062,"10":0.9999999989,"11":0.999999999,"12":0.999999999,"13":0.999999999,"14":0.999999999,"15":0.9999999989,"16":0.0,"17":0.0000000062,"18":0.999999999,"19":0.999999999,"20":0.9999999989,"21":0.9999999989,"22":0.999999999,"23":0.999999999},"9":{"0":1.0000000052,"1":1.0000000052,"2":1.0000000052,"3":0.0000000062,"4":0.0000000124,"5":1.0000000052,"6":1.0000000052,"7":1.0000000052,"8":0.0000000062,"9":0.0,"10":1.0000000051,"11":1.0000000052,"12":1.0000000052,"13":1.0000000052,"14":1.0000000052,"15":1.0000000052,"16":0.0000000062,"17":0.0000000125,"18":1.0000000052,"19":1.0000000052,"20":1.0000000051,"21":1.0000000052,"22":1.0000000052,"23":1.0000000052},"10":{"0":1.9999999979,"1":1.9999999979,"2":1.9999999979,"3":0.9999999989,"4":1.000000005,"5":1.9999999979,"6":1.9999999979,"7":1.9999999979,"8":0.9999999989,"9":1.0000000051,"10":0.0,"11":1.9999999979,"12":1.9999999979,"13":1.9999999979,"14":1.9999999979,"15":1.9999999978,"16":0.9999999989,"17":1.0000000051,"18":1.9999999979,"19":1.9999999979,"20":1.9999999978,"21":1.9999999978,"22":1.9999999979,"23":1.9999999979},"11":{"0":1.999999998,"1":1.9999999979,"2":1.999999998,"3":0.999999999,"4":1.0000000051,"5":1.999999998,"6":1.999999998,"7":1.9999999979,"8":0.999999999,"9":1.0000000052,"10":1.9999999979,"11":0.0,"12":1.999999998,"13":1.999999998,"14":1.9999999979,"15":1.9999999979,"16":0.999999999,"17":1.0000000052,"18":1.999999998,"19":1.999999998,"20":1.9999999979,"21":1.9999999979,"22":1.999999998,"23":1.999999998},"12":{"0":1.999999998,"1":1.9999999979,"2":1.999999998,"3":0.999999999,"4":1.0000000051,"5":1.999999998,"6":1.999999998,"7":1.9999999979,"8":0.999999999,"9":1.0000000052,"10":1.9999999979,"11":1.999999998,"12":0.0,"13":1.999999998,"14":1.9999999979,"15":1.9999999979,"16":0.999999999,"17":1.0000000052,"18":1.999999998,"19":1.999999998,"20":1.9999999979,"21":1.9999999979,"22":1.999999998,"23":1.999999998},"13":{"0":1.999999998,"1":1.9999999979,"2":1.999999998,"3":0.999999999,"4":1.0000000051,"5":1.999999998,"6":1.999999998,"7":1.9999999979,"8":0.999999999,"9":1.0000000052,"10":1.9999999979,"11":1.999999998,"12":1.999999998,"13":0.0,"14":1.999999998,"15":1.9999999979,"16":0.999999999,"17":1.0000000052,"18":1.999999998,"19":1.999999998,"20":1.9999999979,"21":1.9999999979,"22":1.999999998,"23":1.999999998},"14":{"0":1.999999998,"1":1.9999999979,"2":1.9999999979,"3":0.999999999,"4":1.0000000051,"5":1.9999999979,"6":1.999999998,"7":1.9999999979,"8":0.999999999,"9":1.0000000052,"10":1.9999999979,"11":1.9999999979,"12":1.9999999979,"13":1.999999998,"14":0.0,"15":1.9999999979,"16":0.999999999,"17":1.0000000052,"18":1.999999998,"19":1.9999999979,"20":1.9999999979,"21":1.9999999979,"22":1.9999999979,"23":1.9999999979},"15":{"0":1.9999999979,"1":1.9999999979,"2":1.9999999979,"3":0.9999999989,"4":1.0000000051,"5":1.9999999979,"6":1.9999999979,"7":1.9999999979,"8":0.9999999989,"9":1.0000000052,"10":1.9999999978,"11":1.9999999979,"12":1.9999999979,"13":1.9999999979,"14":1.9999999979,"15":0.0,"16":0.9999999989,"17":1.0000000052,"18":1.9999999979,"19":1.9999999979,"20":1.9999999978,"21":1.9999999979,"22":1.9999999979,"23":1.9999999979},"16":{"0":0.999999999,"1":0.999999999,"2":0.999999999,"3":0.0,"4":0.0000000061,"5":0.999999999,"6":0.999999999,"7":0.999999999,"8":0.0,"9":0.0000000062,"10":0.9999999989,"11":0.999999999,"12":0.999999999,"13":0.999999999,"14":0.999999999,"15":0.9999999989,"16":0.0,"17":0.0000000062,"18":0.999999999,"19":0.999999999,"20":0.9999999989,"21":0.9999999989,"22":0.999999999,"23":0.999999999},"17":{"0":1.0000000052,"1":1.0000000052,"2":1.0000000052,"3":0.0000000062,"4":0.0000000124,"5":1.0000000052,"6":1.0000000052,"7":1.0000000052,"8":0.0000000062,"9":0.0000000125,"10":1.0000000051,"11":1.0000000052,"12":1.0000000052,"13":1.0000000052,"14":1.0000000052,"15":1.0000000052,"16":0.0000000062,"17":0.0,"18":1.0000000052,"19":1.0000000052,"20":1.0000000051,"21":1.0000000052,"22":1.0000000052,"23":1.0000000052},"18":{"0":1.999999998,"1":1.9999999979,"2":1.999999998,"3":0.999999999,"4":1.0000000051,"5":1.999999998,"6":1.999999998,"7":1.9999999979,"8":0.999999999,"9":1.0000000052,"10":1.9999999979,"11":1.999999998,"12":1.999999998,"13":1.999999998,"14":1.999999998,"15":1.9999999979,"16":0.999999999,"17":1.0000000052,"18":0.0,"19":1.999999998,"20":1.9999999979,"21":1.9999999979,"22":1.999999998,"23":1.999999998},"19":{"0":1.999999998,"1":1.9999999979,"2":1.999999998,"3":0.999999999,"4":1.0000000051,"5":1.999999998,"6":1.999999998,"7":1.9999999979,"8":0.999999999,"9":1.0000000052,"10":1.9999999979,"11":1.999999998,"12":1.999999998,"13":1.999999998,