{"0":{"0":0.9746163752,"1":1.0422067244,"2":0.0249213921,"3":0.0017752566,"4":1.0665064569,"5":0.0301125063,"6":0.0963659216,"7":1.0088518555,"8":0.991458312,"9":1.0000999261,"10":0.0185697511,"11":0.0153026915,"12":1.000352294,"13":1.0289874848,"14":1.0013497818,"15":0.0021553871,"16":0.0202237465,"17":1.023278212,"18":1.0779587584,"19":1.0274921213}}