{"0":{"0":0.0000096772,"1":0.0,"2":0.0,"3":1.0,"4":0.9999903248,"5":0.9999900006,"6":0.0,"7":0.0,"8":1.0,"9":0.0000099999,"10":1.0,"11":0.0,"12":1.0,"13":0.0,"14":0.0}}