{"0":{"0":0.9677211315,"1":0.0,"2":0.0,"3":0.0870960718,"4":0.0421902601,"5":0.0304535266,"6":0.0,"7":0.0,"8":0.1682292278,"9":0.9999900243,"10":0.0428292515,"11":0.0,"12":0.1210849774,"13":0.0,"14":0.0}}