{"0":{"0":0.0,"1":0.0,"2":0.0,"3":0.0,"4":0.0,"5":0.0,"6":0.0,"7":0.0,"8":0.0,"9":0.0,"10":0.0,"11":0.0,"12":0.0,"13":0.0,"14":0.0},"1":{"0":1.9999903228,"1":0.0,"2":0.0,"3":0.0,"4":0.0,"5":0.0,"6":0.0,"7":0.0,"8":0.0,"9":0.0,"10":0.0,"11":0.0,"12":0.0,"13":0.0,"14":0.0},"2":{"0":1.9999903228,"1":2.0,"2":0.0,"3":0.0,"4":0.0,"5":0.0,"6":0.0,"7":0.0,"8":0.0,"9":0.0,"10":0.0,"11":0.0,"12":0.0,"13":0.0,"14":0.0},"3":{"0":0.9999903228,"1":1.0,"2":1.0,"3":0.0,"4":0.0,"5":0.0,"6":0.0,"7":0.0,"8":0.0,"9":0.0,"10":0.0,"11":0.0,"12":0.0,"13":0.0,"14":0.0},"4":{"0":1.0,"1":1.0000096772,"2":1.0000096772,"3":0.0000096772,"4":0.0,"5":0.0,"6":0.0,"7":0.0,"8":0.0,"9":0.0,"10":0.0,"11":0.0,"12":0.0,"13":0.0,"14":0.0},"5":{"0":1.0000003227,"1":1.0000099999,"2":1.0000099999,"3":0.0000099999,"4":0.0000196771,"5":0.0,"6":0.0,"7":0.0,"8":0.0,"9":0.0,"10":0.0,"11":0.0,"12":0.0,"13":0.0,"14":0.0},"6":{"0":1.9999903228,"1":2.0,"2":2.0,"3":1.0,"4":1.0000096772,"5":1.0000099999,"6":0.0,"7":0.0,"8":0.0,"9":0.0,"10":0.0,"11":0.0,"12":0.0,"13":0.0,"14":0.0},"7":{"0":1.9999903228,"1":2.0,"2":2.0,"3":1.0,"4":1.0000096772,"5":1.0000099999,"6":2.0,"7":0.0,"8":0.0,"9":0.0,"10":0.0,"11":0.0,"12":0.0,"13":0.0,"14":0.0},"8":{"0":0.9999903228,"1":1.0,"2":1.0,"3":0.0,"4":0.0000096772,"5":0.0000099999,"6":1.0,"7":1.0,"8":0.0,"9":0.0,"10":0.0,"11":0.0,"12":0.0,"13":0.0,"14":0.0},"9":{"0":1.9999803229,"1":1.9999900001,"2":1.9999900001,"3":0.9999900001,"4":0.9999996773,"5":1.0,"6":1.9999900001,"7":1.9999900001,"8":0.9999900001,"9":0.0,"10":0.0,"11":0.0,"12":0.0,"13":0.0,"14":0.0},"10":{"0":0.9999903228,"1":1.0,"2":1.0,"3":0.0,"4":0.0000096772,"5":0.0000099999,"6":1.0,"7":1.0,"8":0.0,"9":0.9999900001,"10":0.0,"11":0.0,"12":0.0,"13":0.0,"14":0.0},"11":{"0":1.9999903228,"1":2.0,"2":2.0,"3":1.0,"4":1.0000096772,"5":1.0000099999,"6":2.0,"7":2.0,"8":1.0,"9":1.9999900001,"10":1.0,"11":0.0,"12":0.0,"13":0.0,"14":0.0},"12":{"0":0.9999903228,"1":1.0,"2":1.0,"3":0.0,"4":0.0000096772,"5":0.0000099999,"6":1.0,"7":1.0,"8":0.0,"9":0.9999900001,"10":0.0,"11":1.0,"12":0.0,"13":0.0,"14":0.0},"13":{"0":1.9999903228,"1":2.0,"2":2.0,"3":1.0,"4":1.0000096772,"5":1.0000099999,"6":2.0,"7":2.0,"8":1.0,"9":1.9999900001,"10":1.0,"11":2.0,"12":1.0,"13":0.0,"14":0.0},"14":{"0":1.9999903228,"1":2.0,"2":2.0,"3":1.0,"4":1.0000096772,"5":1.0000099999,"6":2.0,"7":2.0,"8":1.0,"9":1.9999900001,"10":1.0,"11":2.0,"12":1.0,"13":2.0,"14":0.0}}