{"0":{"0":0.9986378428,"1":1.0051018398,"2":0.0208384372,"3":1.0055733353,"4":0.0414806886,"5":0.0268367774,"6":0.0178815489,"7":1.0512134279,"8":1.0635290279,"9":1.0187041878,"10":0.0244487615,"11":0.0149443058,"12":1.0005389714,"13":1.0514444749,"14":1.028230839,"15":0.0557726051,"16":0.015600429,"17":1.0160329954,"18":1.1199531911,"19":1.0227962594,"20":0.024735923,"21":0.0464502564,"22":1.0153902155,"23":1.0039979254,"24":1.029599487}}