{"0":{"0":0.0,"1":1.0062356678,"2":0.098267035,"3":0.9985200927,"4":1.0062284414,"5":0.00888307,"6":0.0115776965,"7":1.0622027793,"8":1.0498463532,"9":1.0176103651,"10":0.1268804071,"11":0.0014377939,"12":1.0059845128,"13":1.0140044226,"14":1.0373579524,"15":0.0,"16":0.0121672133,"17":1.0302255603,"18":1.0268913942,"19":1.0421455557}}