{"0":{"0":1.0,"1":0.9999999951,"2":0.000000001,"3":0.000000001,"4":0.0000000011,"5":0.000000001,"6":0.000000001,"7":0.000000001,"8":0.0000000011,"9":0.999999995,"10":0.000000001,"11":1.0,"12":0.000000001,"13":0.0000000011,"14":0.000000001,"15":0.0000000011,"16":1.0,"17":0.999999995,"18":0.0000000011,"19":0.000000001,"20":0.000000001,"21":0.000000001,"22":0.000000001,"23":0.000000001}}