{"0":{"0":0.0,"1":0.005101847,"2":1.0208384362,"3":1.0064485019,"4":1.0656913276,"5":1.0120309801,"6":1.0165193886,"7":1.0329439996,"8":1.0635290279,"9":0.0157047629,"10":1.0427181887,"11":0.0179437349,"12":1.0005389714,"13":1.075655118,"14":1.0040201959,"15":1.0705784003,"16":0.0126009936,"17":0.0,"18":1.1016837628,"19":1.038829262,"20":1.0005252758,"21":1.0455750888,"22":1.0336596438,"23":1.0069973576}}