{"0":{"0":0.0344541087,"1":0.0330158735,"2":1.0155057641,"3":0.9957036721,"4":0.0231033971,"5":0.0,"6":1.0074455418,"7":1.0102044689,"8":0.0092950357,"9":0.0145717266,"10":1.0729495205,"11":1.0263048018,"12":0.0226463412,"13":0.0,"14":1.0272781808,"15":1.0711770594,"16":0.0951854406,"17":0.0090556567,"18":1.0464672855,"19":1.1034801609}}