{"0":{"0":1.0,"1":0.000000001,"2":1.0,"3":0.000000001,"4":0.000000001,"5":0.9999999985,"6":1.0,"7":0.000000001,"8":1.0,"9":0.9999999985,"10":0.000000001,"11":0.000000001,"12":0.9999999982,"13":1.0,"14":0.0000000011,"15":0.0000000012,"16":1.0,"17":0.9999999984,"18":0.0000000011,"19":0.000000001}}